"obs_id","include_in_calibration","exclusion_reason","archive_class","archive_assignment","review_flag"
"obs_0001",TRUE,"","lake sediment","coordinate heuristic",""
"obs_0002",TRUE,"","soil","coordinate heuristic",""
"obs_0003",TRUE,"","soil","coordinate heuristic",""
"obs_0004",TRUE,"","soil","coordinate heuristic",""
"obs_0005",TRUE,"","soil","source review",""
"obs_0006",TRUE,"","soil","source review",""
"obs_0007",TRUE,"","soil","source review",""
"obs_0008",TRUE,"","soil","source review",""
"obs_0009",TRUE,"","soil","source review",""
"obs_0010",TRUE,"","soil","source review",""
"obs_0011",TRUE,"","soil","source review",""
"obs_0012",TRUE,"","soil","source review",""
"obs_0013",TRUE,"","soil","source review",""
"obs_0014",TRUE,"","soil","coordinate heuristic",""
"obs_0015",TRUE,"","lake sediment","coordinate heuristic","near-coast lake versus marine classification remains uncertain"
"obs_0016",TRUE,"","lake sediment","coordinate heuristic","near-coast lake versus marine classification remains uncertain"
"obs_0017",TRUE,"","lake sediment","coordinate heuristic","near-coast lake versus marine classification remains uncertain"
"obs_0018",TRUE,"","lake sediment","coordinate heuristic","near-coast lake versus marine classification remains uncertain"
"obs_0019",TRUE,"","lake sediment","coordinate heuristic","near-coast lake versus marine classification remains uncertain"
"obs_0020",TRUE,"","lake sediment","coordinate heuristic",""
"obs_0021",TRUE,"","lake sediment","coordinate heuristic",""
"obs_0022",TRUE,"","lake sediment","coordinate heuristic",""
"obs_0023",TRUE,"","lake sediment","coordinate heuristic",""
"obs_0024",TRUE,"","lake sediment","coordinate heuristic",""
"obs_0025",TRUE,"","lake sediment","coordinate heuristic",""
"obs_0026",TRUE,"","lake sediment","coordinate heuristic",""
"obs_0027",TRUE,"","lake sediment","coordinate heuristic",""
"obs_0028",TRUE,"","lake sediment","coordinate heuristic",""
"obs_0029",TRUE,"","lake sediment","coordinate heuristic",""
"obs_0030",TRUE,"","lake sediment","coordinate heuristic",""
"obs_0031",TRUE,"","lake sediment","coordinate heuristic",""
"obs_0032",TRUE,"","lake sediment","coordinate heuristic",""
"obs_0033",TRUE,"","lake sediment","coordinate heuristic",""
"obs_0034",TRUE,"","lake sediment","coordinate heuristic",""
"obs_0035",TRUE,"","lake sediment","coordinate heuristic",""
"obs_0036",TRUE,"","soil","coordinate heuristic",""
"obs_0037",TRUE,"","soil","coordinate heuristic",""
"obs_0038",TRUE,"","soil","coordinate heuristic",""
"obs_0039",TRUE,"","soil","coordinate heuristic",""
"obs_0040",TRUE,"","soil","coordinate heuristic",""
"obs_0041",TRUE,"","soil","coordinate heuristic",""
"obs_0042",TRUE,"","soil","coordinate heuristic",""
"obs_0043",TRUE,"","soil","coordinate heuristic",""
"obs_0044",TRUE,"","soil","coordinate heuristic",""
"obs_0045",TRUE,"","soil","coordinate heuristic",""
"obs_0046",TRUE,"","soil","coordinate heuristic",""
"obs_0047",TRUE,"","soil","coordinate heuristic",""
"obs_0048",TRUE,"","soil","coordinate heuristic",""
"obs_0049",TRUE,"","soil","coordinate heuristic",""
"obs_0050",TRUE,"","soil","coordinate heuristic",""
"obs_0051",TRUE,"","soil","coordinate heuristic",""
"obs_0052",TRUE,"","soil","coordinate heuristic",""
"obs_0053",TRUE,"","soil","coordinate heuristic",""
"obs_0054",TRUE,"","soil","coordinate heuristic",""
"obs_0055",TRUE,"","soil","coordinate heuristic",""
"obs_0056",TRUE,"","soil","coordinate heuristic",""
"obs_0057",TRUE,"","soil","coordinate heuristic",""
"obs_0058",TRUE,"","soil","coordinate heuristic",""
"obs_0059",TRUE,"","soil","coordinate heuristic",""
"obs_0060",TRUE,"","soil","coordinate heuristic",""
"obs_0061",TRUE,"","soil","coordinate heuristic",""
"obs_0062",TRUE,"","soil","coordinate heuristic",""
"obs_0063",TRUE,"","soil","coordinate heuristic",""
"obs_0064",TRUE,"","soil","coordinate heuristic",""
"obs_0065",TRUE,"","soil","source review",""
"obs_0066",TRUE,"","soil","source review",""
"obs_0067",TRUE,"","soil","source review",""
"obs_0068",TRUE,"","soil","source review",""
"obs_0069",TRUE,"","soil","source review",""
"obs_0070",TRUE,"","soil","source review",""
"obs_0071",TRUE,"","soil","source review",""
"obs_0072",TRUE,"","soil","source review",""
"obs_0073",TRUE,"","soil","source review",""
"obs_0074",TRUE,"","soil","source review",""
"obs_0075",TRUE,"","soil","source review",""
"obs_0076",TRUE,"","lake sediment","coordinate heuristic",""
"obs_0077",TRUE,"","lake sediment","coordinate heuristic",""
"obs_0078",TRUE,"","lake sediment","source review",""
"obs_0079",TRUE,"","lake sediment","coordinate heuristic",""
"obs_0080",TRUE,"","lake sediment","coordinate heuristic",""
"obs_0081",TRUE,"","lake sediment","coordinate heuristic",""
"obs_0082",TRUE,"","lake sediment","coordinate heuristic",""
"obs_0083",TRUE,"","lake sediment","coordinate heuristic",""
"obs_0084",TRUE,"","lake sediment","coordinate heuristic",""
"obs_0085",TRUE,"","lake sediment","coordinate heuristic",""
"obs_0086",TRUE,"","lake sediment","coordinate heuristic",""
"obs_0087",TRUE,"","lake sediment","coordinate heuristic",""
"obs_0088",TRUE,"","fluvial sediment","source review","zonal-mean aggregate may overlap riverbed sites"
"obs_0089",TRUE,"","fluvial sediment","source review","zonal-mean aggregate may overlap riverbed sites"
"obs_0090",TRUE,"","fluvial sediment","source review","zonal-mean aggregate may overlap riverbed sites"
"obs_0091",TRUE,"","soil","source review",""
"obs_0092",TRUE,"","fluvial sediment","source review",""
"obs_0093",TRUE,"","soil","source review",""
"obs_0094",TRUE,"","marine sediment","source review",""
"obs_0095",TRUE,"","fluvial sediment","source review",""
"obs_0096",TRUE,"","soil","source review",""
"obs_0097",TRUE,"","fluvial sediment","source review",""
"obs_0098",TRUE,"","marine sediment","source review",""
"obs_0099",TRUE,"","fluvial sediment","source review",""
"obs_0100",TRUE,"","soil","source review",""
"obs_0101",TRUE,"","marine sediment","source review",""
"obs_0102",TRUE,"","fluvial sediment","source review",""
"obs_0103",TRUE,"","fluvial sediment","source review",""
"obs_0104",TRUE,"","marine sediment","source review",""
"obs_0105",TRUE,"","marine sediment","source review",""
"obs_0106",TRUE,"","fluvial sediment","source review",""
"obs_0107",TRUE,"","marine sediment","source review",""
"obs_0108",TRUE,"","fluvial sediment","source review",""
"obs_0109",TRUE,"","soil","source review",""
"obs_0110",TRUE,"","fluvial sediment","source review",""
"obs_0111",TRUE,"","soil","source review",""
"obs_0112",TRUE,"","marine sediment","source review",""
"obs_0113",TRUE,"","marine sediment","source review",""
"obs_0114",TRUE,"","fluvial sediment","source review",""
"obs_0115",TRUE,"","marine sediment","source review",""
"obs_0116",TRUE,"","fluvial sediment","source review",""
"obs_0117",TRUE,"","marine sediment","source review",""
"obs_0118",TRUE,"","fluvial sediment","source review",""
"obs_0119",TRUE,"","marine sediment","source review",""
"obs_0120",TRUE,"","marine sediment","source review",""
"obs_0121",TRUE,"","soil","source review",""
"obs_0122",TRUE,"","marine sediment","source review",""
"obs_0123",TRUE,"","fluvial sediment","source review",""
"obs_0124",TRUE,"","soil","source review",""
"obs_0125",TRUE,"","marine sediment","source review",""
"obs_0126",TRUE,"","soil","source review",""
"obs_0127",TRUE,"","marine sediment","source review",""
"obs_0128",TRUE,"","fluvial sediment","source review",""
"obs_0129",TRUE,"","fluvial sediment","source review",""
"obs_0130",TRUE,"","marine sediment","source review",""
"obs_0131",TRUE,"","fluvial sediment","source review",""
"obs_0132",TRUE,"","marine sediment","source review",""
"obs_0133",TRUE,"","fluvial sediment","source review",""
"obs_0134",TRUE,"","marine sediment","source review",""
"obs_0135",TRUE,"","soil","source review",""
"obs_0136",TRUE,"","soil","source review",""
"obs_0137",TRUE,"","fluvial sediment","source review",""
"obs_0138",TRUE,"","marine sediment","source review",""
"obs_0139",TRUE,"","marine sediment","source review",""
"obs_0140",TRUE,"","soil","source review",""
"obs_0141",TRUE,"","fluvial sediment","source review",""
"obs_0142",TRUE,"","fluvial sediment","source review",""
"obs_0143",TRUE,"","marine sediment","source review",""
"obs_0144",TRUE,"","marine sediment","source review",""
"obs_0145",TRUE,"","marine sediment","source review",""
"obs_0146",TRUE,"","fluvial sediment","source review",""
"obs_0147",TRUE,"","marine sediment","source review",""
"obs_0148",TRUE,"","marine sediment","source review",""
"obs_0149",TRUE,"","marine sediment","source review",""
"obs_0150",TRUE,"","fluvial sediment","source review",""
"obs_0151",TRUE,"","marine sediment","source review",""
"obs_0152",TRUE,"","fluvial sediment","source review",""
"obs_0153",TRUE,"","fluvial sediment","source review",""
"obs_0154",TRUE,"","fluvial sediment","source review",""
"obs_0155",TRUE,"","fluvial sediment","source review",""
"obs_0156",TRUE,"","marine sediment","source review",""
"obs_0157",TRUE,"","marine sediment","source review",""
"obs_0158",TRUE,"","lake sediment","source review",""
"obs_0159",TRUE,"","lake sediment","source review",""
"obs_0160",TRUE,"","lake sediment","source review",""
"obs_0161",TRUE,"","lake sediment","source review",""
"obs_0162",TRUE,"","fluvial sediment","source review",""
"obs_0163",TRUE,"","fluvial sediment","source review",""
"obs_0164",TRUE,"","fluvial sediment","source review",""
"obs_0165",TRUE,"","fluvial sediment","source review",""
"obs_0166",TRUE,"","fluvial sediment","source review",""
"obs_0167",TRUE,"","fluvial sediment","source review",""
"obs_0168",TRUE,"","fluvial sediment","source review",""
"obs_0169",TRUE,"","fluvial sediment","source review",""
"obs_0170",TRUE,"","fluvial sediment","source review",""
"obs_0171",TRUE,"","fluvial sediment","source review",""
"obs_0172",TRUE,"","fluvial sediment","source review",""
"obs_0173",TRUE,"","fluvial sediment","source review",""
"obs_0174",TRUE,"","fluvial sediment","source review",""
"obs_0175",TRUE,"","fluvial sediment","source review",""
"obs_0176",TRUE,"","fluvial sediment","source review",""
"obs_0177",TRUE,"","fluvial sediment","source review",""
"obs_0178",TRUE,"","fluvial sediment","source review",""
"obs_0179",TRUE,"","fluvial sediment","source review",""
"obs_0180",TRUE,"","fluvial sediment","source review",""
"obs_0181",TRUE,"","soil","source review",""
"obs_0182",TRUE,"","soil","source review",""
"obs_0183",TRUE,"","soil","source review",""
"obs_0184",TRUE,"","soil","source review",""
"obs_0185",TRUE,"","soil","source review",""
"obs_0186",TRUE,"","soil","source review",""
"obs_0187",TRUE,"","soil","source review",""
"obs_0188",TRUE,"","soil","source review",""
"obs_0189",TRUE,"","soil","source review",""
"obs_0190",TRUE,"","soil","source review",""
"obs_0191",TRUE,"","soil","source review",""
"obs_0192",TRUE,"","soil","source review",""
"obs_0193",TRUE,"","soil","source review",""
"obs_0194",TRUE,"","soil","source review",""
"obs_0195",TRUE,"","soil","source review",""
"obs_0196",TRUE,"","soil","source review",""
"obs_0197",TRUE,"","soil","source review",""
"obs_0198",TRUE,"","soil","source review",""
"obs_0199",TRUE,"","soil","source review",""
"obs_0200",TRUE,"","soil","source review",""
"obs_0201",TRUE,"","soil","source review",""
"obs_0202",TRUE,"","soil","source review",""
"obs_0203",TRUE,"","soil","source review",""
"obs_0204",TRUE,"","soil","source review",""
"obs_0205",TRUE,"","soil","source review",""
"obs_0206",TRUE,"","soil","source review",""
"obs_0207",TRUE,"","soil","source review",""
"obs_0208",TRUE,"","soil","source review",""
"obs_0209",TRUE,"","soil","source review",""
"obs_0210",TRUE,"","soil","source review",""
"obs_0211",TRUE,"","soil","source review",""
"obs_0212",TRUE,"","soil","source review",""
"obs_0213",TRUE,"","soil","source review",""
"obs_0214",TRUE,"","soil","source review",""
"obs_0215",TRUE,"","soil","source review",""
"obs_0216",TRUE,"","soil","source review",""
"obs_0217",TRUE,"","soil","source review",""
"obs_0218",TRUE,"","soil","source review",""
"obs_0219",TRUE,"","soil","source review",""
"obs_0220",TRUE,"","soil","source review",""
"obs_0221",TRUE,"","soil","source review",""
"obs_0222",TRUE,"","soil","source review",""
"obs_0223",TRUE,"","soil","source review",""
"obs_0224",TRUE,"","soil","source review",""
"obs_0225",TRUE,"","soil","source review",""
"obs_0226",TRUE,"","soil","source review",""
"obs_0227",TRUE,"","soil","source review",""
"obs_0228",TRUE,"","soil","source review",""
"obs_0229",TRUE,"","soil","source review",""
"obs_0230",TRUE,"","soil","source review",""
"obs_0231",TRUE,"","soil","source review",""
"obs_0232",TRUE,"","soil","source review",""
"obs_0233",TRUE,"","soil","source review",""
"obs_0234",TRUE,"","soil","source review",""
"obs_0235",TRUE,"","soil","source review",""
"obs_0236",TRUE,"","soil","source review",""
"obs_0237",TRUE,"","soil","source review",""
"obs_0238",TRUE,"","soil","source review",""
"obs_0239",TRUE,"","soil","source review",""
"obs_0240",TRUE,"","soil","source review",""
"obs_0241",TRUE,"","soil","source review",""
"obs_0242",TRUE,"","soil","source review",""
"obs_0243",TRUE,"","soil","source review",""
"obs_0244",TRUE,"","soil","source review",""
"obs_0245",TRUE,"","soil","source review","soil versus fluvial classification remains uncertain"
"obs_0246",TRUE,"","soil","source review",""
"obs_0247",TRUE,"","soil","source review",""
"obs_0248",TRUE,"","soil","source review",""
"obs_0249",TRUE,"","soil","source review",""
"obs_0250",TRUE,"","soil","source review",""
"obs_0251",TRUE,"","soil","source review",""
"obs_0252",TRUE,"","soil","source review",""
"obs_0253",TRUE,"","soil","source review",""
"obs_0254",TRUE,"","soil","source review",""
"obs_0255",TRUE,"","soil","source review",""
"obs_0256",TRUE,"","soil","source review",""
"obs_0257",TRUE,"","soil","source review",""
"obs_0258",TRUE,"","soil","source review",""
"obs_0259",TRUE,"","soil","source review",""
"obs_0260",TRUE,"","soil","source review",""
"obs_0261",TRUE,"","soil","source review",""
"obs_0262",TRUE,"","soil","source review",""
"obs_0263",TRUE,"","soil","source review",""
"obs_0264",TRUE,"","soil","source review",""
"obs_0265",TRUE,"","soil","source review",""
"obs_0266",TRUE,"","soil","source review",""
"obs_0267",TRUE,"","soil","source review",""
"obs_0268",TRUE,"","soil","source review",""
"obs_0269",TRUE,"","soil","source review",""
"obs_0270",TRUE,"","soil","source review","soil versus fluvial classification remains uncertain"
"obs_0271",TRUE,"","soil","source review",""
"obs_0272",TRUE,"","soil","source review",""
"obs_0273",TRUE,"","soil","source review",""
"obs_0274",TRUE,"","soil","source review",""
"obs_0275",TRUE,"","soil","source review",""
"obs_0276",TRUE,"","soil","source review",""
"obs_0277",TRUE,"","soil","source review",""
"obs_0278",TRUE,"","soil","source review",""
"obs_0279",TRUE,"","soil","source review",""
"obs_0280",TRUE,"","soil","source review",""
"obs_0281",TRUE,"","soil","source review",""
"obs_0282",TRUE,"","soil","source review",""
"obs_0283",TRUE,"","soil","source review",""
"obs_0284",TRUE,"","soil","source review",""
"obs_0285",TRUE,"","soil","source review",""
"obs_0286",TRUE,"","soil","source review",""
"obs_0287",TRUE,"","soil","source review",""
"obs_0288",TRUE,"","soil","source review",""
"obs_0289",TRUE,"","soil","source review",""
"obs_0290",TRUE,"","soil","source review",""
"obs_0291",TRUE,"","soil","source review",""
"obs_0292",TRUE,"","soil","source review","soil versus fluvial classification remains uncertain"
"obs_0293",TRUE,"","soil","source review",""
"obs_0294",TRUE,"","soil","source review",""
"obs_0295",TRUE,"","soil","source review",""
"obs_0296",TRUE,"","soil","source review",""
"obs_0297",TRUE,"","soil","source review",""
"obs_0298",TRUE,"","soil","source review",""
"obs_0299",TRUE,"","soil","source review",""
"obs_0300",TRUE,"","soil","source review","soil versus fluvial classification remains uncertain"
"obs_0301",TRUE,"","soil","source review",""
"obs_0302",TRUE,"","soil","source review",""
"obs_0303",TRUE,"","soil","source review",""
"obs_0304",TRUE,"","soil","source review",""
"obs_0305",TRUE,"","soil","source review",""
"obs_0306",TRUE,"","soil","source review",""
"obs_0307",TRUE,"","soil","source review",""
"obs_0308",TRUE,"","soil","source review",""
"obs_0309",TRUE,"","soil","source review",""
"obs_0310",TRUE,"","soil","source review",""
"obs_0311",TRUE,"","soil","source review",""
"obs_0312",TRUE,"","soil","source review",""
"obs_0313",TRUE,"","soil","source review",""
"obs_0314",TRUE,"","soil","source review",""
"obs_0315",TRUE,"","soil","source review",""
"obs_0316",TRUE,"","soil","source review",""
"obs_0317",TRUE,"","soil","source review","soil versus fluvial classification remains uncertain"
"obs_0318",TRUE,"","soil","source review","soil versus fluvial classification remains uncertain"
"obs_0319",TRUE,"","soil","source review",""
"obs_0320",TRUE,"","soil","source review",""
"obs_0321",TRUE,"","soil","source review",""
"obs_0322",TRUE,"","soil","source review",""
"obs_0323",TRUE,"","soil","source review",""
"obs_0324",TRUE,"","soil","source review",""
"obs_0325",TRUE,"","soil","source review",""
"obs_0326",TRUE,"","soil","source review",""
"obs_0327",TRUE,"","soil","source review",""
"obs_0328",TRUE,"","soil","source review",""
"obs_0329",TRUE,"","soil","source review",""
"obs_0330",TRUE,"","soil","source review",""
"obs_0331",TRUE,"","soil","source review",""
"obs_0332",TRUE,"","soil","source review",""
"obs_0333",TRUE,"","soil","source review",""
"obs_0334",TRUE,"","soil","source review",""
"obs_0335",TRUE,"","soil","source review",""
"obs_0336",TRUE,"","soil","source review",""
"obs_0337",TRUE,"","soil","source review",""
"obs_0338",TRUE,"","soil","source review",""
"obs_0339",TRUE,"","soil","source review",""
"obs_0340",TRUE,"","soil","source review","soil versus fluvial classification remains uncertain"
"obs_0341",TRUE,"","soil","source review",""
"obs_0342",TRUE,"","soil","source review",""
"obs_0343",TRUE,"","soil","source review",""
"obs_0344",TRUE,"","soil","source review",""
"obs_0345",TRUE,"","soil","source review",""
"obs_0346",TRUE,"","soil","source review",""
"obs_0347",TRUE,"","soil","source review","soil versus fluvial classification remains uncertain"
"obs_0348",TRUE,"","soil","source review",""
"obs_0349",TRUE,"","soil","source review",""
"obs_0350",TRUE,"","soil","source review",""
"obs_0351",TRUE,"","soil","source review","soil versus fluvial classification remains uncertain"
"obs_0352",TRUE,"","soil","source review",""
"obs_0353",TRUE,"","soil","source review",""
"obs_0354",TRUE,"","soil","source review",""
"obs_0355",TRUE,"","soil","source review",""
"obs_0356",TRUE,"","soil","source review",""
"obs_0357",TRUE,"","soil","source review",""
"obs_0358",TRUE,"","soil","source review",""
"obs_0359",TRUE,"","soil","source review",""
"obs_0360",TRUE,"","soil","source review",""
"obs_0361",TRUE,"","soil","source review",""
"obs_0362",TRUE,"","soil","source review",""
"obs_0363",TRUE,"","soil","source review",""
"obs_0364",TRUE,"","soil","source review",""
"obs_0365",TRUE,"","soil","source review",""
"obs_0366",TRUE,"","soil","source review",""
"obs_0367",TRUE,"","soil","source review",""
"obs_0368",TRUE,"","soil","source review",""
"obs_0369",TRUE,"","soil","source review",""
"obs_0370",TRUE,"","soil","source review",""
"obs_0371",TRUE,"","soil","source review",""
"obs_0372",TRUE,"","soil","coordinate heuristic",""
"obs_0373",TRUE,"","soil","source review",""
"obs_0374",TRUE,"","soil","source review",""
"obs_0375",TRUE,"","soil","source review",""
"obs_0376",TRUE,"","soil","source review",""
"obs_0377",TRUE,"","soil","source review",""
"obs_0378",TRUE,"","lake sediment","coordinate heuristic",""
"obs_0379",TRUE,"","lake sediment","coordinate heuristic",""
"obs_0380",TRUE,"","lake sediment","coordinate heuristic",""
"obs_0381",TRUE,"","lake sediment","coordinate heuristic",""
"obs_0382",TRUE,"","lake sediment","coordinate heuristic",""
"obs_0383",TRUE,"","lake sediment","coordinate heuristic",""
"obs_0384",TRUE,"","lake sediment","coordinate heuristic",""
"obs_0385",TRUE,"","lake sediment","coordinate heuristic",""
"obs_0386",TRUE,"","lake sediment","coordinate heuristic",""
"obs_0387",TRUE,"","lake sediment","coordinate heuristic",""
"obs_0388",TRUE,"","lake sediment","coordinate heuristic",""
"obs_0389",TRUE,"","lake sediment","coordinate heuristic",""
"obs_0390",TRUE,"","lake sediment","coordinate heuristic",""
"obs_0391",TRUE,"","lake sediment","coordinate heuristic",""
"obs_0392",TRUE,"","lake sediment","coordinate heuristic",""
"obs_0393",TRUE,"","lake sediment","coordinate heuristic",""
"obs_0394",TRUE,"","lake sediment","coordinate heuristic",""
"obs_0395",TRUE,"","lake sediment","coordinate heuristic",""
"obs_0396",TRUE,"","lake sediment","coordinate heuristic",""
"obs_0397",TRUE,"","lake sediment","coordinate heuristic",""
"obs_0398",TRUE,"","lake sediment","coordinate heuristic",""
"obs_0399",TRUE,"","lake sediment","coordinate heuristic",""
"obs_0400",TRUE,"","lake sediment","coordinate heuristic",""
"obs_0401",TRUE,"","lake sediment","coordinate heuristic",""
"obs_0402",TRUE,"","lake sediment","coordinate heuristic",""
"obs_0403",TRUE,"","lake sediment","coordinate heuristic",""
"obs_0404",TRUE,"","lake sediment","coordinate heuristic",""
"obs_0405",TRUE,"","lake sediment","coordinate heuristic",""
"obs_0406",TRUE,"","lake sediment","coordinate heuristic",""
"obs_0407",TRUE,"","lake sediment","coordinate heuristic",""
"obs_0408",TRUE,"","lake sediment","coordinate heuristic",""
"obs_0409",TRUE,"","lake sediment","coordinate heuristic",""
"obs_0410",TRUE,"","lake sediment","coordinate heuristic",""
"obs_0411",TRUE,"","lake sediment","coordinate heuristic",""
"obs_0412",TRUE,"","lake sediment","coordinate heuristic",""
"obs_0413",TRUE,"","lake sediment","coordinate heuristic",""
"obs_0414",TRUE,"","lake sediment","coordinate heuristic",""
"obs_0415",TRUE,"","lake sediment","coordinate heuristic",""
"obs_0416",TRUE,"","lake sediment","coordinate heuristic",""
"obs_0417",TRUE,"","lake sediment","coordinate heuristic",""
"obs_0418",TRUE,"","soil","source review",""
"obs_0419",TRUE,"","soil","source review",""
"obs_0420",TRUE,"","soil","source review",""
"obs_0421",TRUE,"","soil","source review",""
"obs_0422",TRUE,"","soil","source review",""
"obs_0423",TRUE,"","soil","source review",""
"obs_0424",TRUE,"","soil","source review",""
"obs_0425",TRUE,"","soil","source review",""
"obs_0426",TRUE,"","soil","source review",""
"obs_0427",TRUE,"","soil","source review",""
"obs_0428",TRUE,"","soil","source review",""
"obs_0429",TRUE,"","soil","source review",""
"obs_0430",TRUE,"","soil","source review",""
"obs_0431",TRUE,"","soil","source review",""
"obs_0432",TRUE,"","soil","source review",""
"obs_0433",TRUE,"","soil","source review",""
"obs_0434",TRUE,"","soil","source review",""
"obs_0435",TRUE,"","soil","source review",""
"obs_0436",TRUE,"","soil","source review",""
"obs_0437",TRUE,"","soil","source review",""
"obs_0438",TRUE,"","soil","source review",""
"obs_0439",TRUE,"","soil","source review",""
"obs_0440",TRUE,"","soil","source review",""
"obs_0441",TRUE,"","soil","source review",""
"obs_0442",TRUE,"","soil","source review",""
"obs_0443",TRUE,"","soil","source review",""
"obs_0444",TRUE,"","soil","source review",""
"obs_0445",TRUE,"","soil","source review",""
"obs_0446",TRUE,"","soil","source review",""
"obs_0447",TRUE,"","soil","source review",""
"obs_0448",TRUE,"","soil","source review",""
"obs_0449",TRUE,"","soil","source review",""
"obs_0450",TRUE,"","soil","source review",""
"obs_0451",TRUE,"","lake sediment","coordinate heuristic",""
"obs_0452",TRUE,"","lake sediment","coordinate heuristic",""
"obs_0453",TRUE,"","lake sediment","coordinate heuristic",""
"obs_0454",TRUE,"","lake sediment","coordinate heuristic",""
"obs_0455",TRUE,"","lake sediment","coordinate heuristic",""
"obs_0456",TRUE,"","lake sediment","coordinate heuristic",""
"obs_0457",TRUE,"","lake sediment","coordinate heuristic",""
"obs_0458",TRUE,"","lake sediment","coordinate heuristic",""
"obs_0459",TRUE,"","lake sediment","coordinate heuristic",""
"obs_0460",TRUE,"","lake sediment","coordinate heuristic",""
"obs_0461",TRUE,"","lake sediment","coordinate heuristic",""
"obs_0462",TRUE,"","lake sediment","coordinate heuristic",""
"obs_0463",TRUE,"","lake sediment","coordinate heuristic",""
"obs_0464",TRUE,"","lake sediment","coordinate heuristic",""
"obs_0465",TRUE,"","lake sediment","coordinate heuristic",""
"obs_0466",TRUE,"","lake sediment","coordinate heuristic",""
"obs_0467",TRUE,"","lake sediment","coordinate heuristic","near-coast lake versus marine classification remains uncertain"
"obs_0468",TRUE,"","lake sediment","coordinate heuristic",""
"obs_0469",TRUE,"","lake sediment","coordinate heuristic",""
"obs_0470",TRUE,"","lake sediment","coordinate heuristic",""
"obs_0471",TRUE,"","lake sediment","coordinate heuristic",""
"obs_0472",TRUE,"","lake sediment","coordinate heuristic",""
"obs_0473",TRUE,"","lake sediment","coordinate heuristic",""
"obs_0474",TRUE,"","lake sediment","coordinate heuristic",""
"obs_0475",TRUE,"","lake sediment","coordinate heuristic",""
"obs_0476",TRUE,"","lake sediment","coordinate heuristic",""
"obs_0477",TRUE,"","lake sediment","coordinate heuristic",""
"obs_0478",TRUE,"","lake sediment","coordinate heuristic",""
"obs_0479",TRUE,"","lake sediment","coordinate heuristic",""
"obs_0480",TRUE,"","lake sediment","coordinate heuristic",""
"obs_0481",TRUE,"","lake sediment","coordinate heuristic",""
"obs_0482",TRUE,"","lake sediment","coordinate heuristic",""
"obs_0483",TRUE,"","lake sediment","coordinate heuristic",""
"obs_0484",TRUE,"","lake sediment","coordinate heuristic",""
"obs_0485",TRUE,"","lake sediment","coordinate heuristic",""
"obs_0486",TRUE,"","lake sediment","coordinate heuristic",""
"obs_0487",TRUE,"","lake sediment","coordinate heuristic","near-coast lake versus marine classification remains uncertain"
"obs_0488",TRUE,"","lake sediment","coordinate heuristic","near-coast lake versus marine classification remains uncertain"
"obs_0489",TRUE,"","lake sediment","coordinate heuristic",""
"obs_0490",TRUE,"","soil","source review",""
"obs_0491",TRUE,"","soil","source review",""
"obs_0492",TRUE,"","soil","source review",""
"obs_0493",TRUE,"","soil","source review",""
"obs_0494",TRUE,"","soil","source review",""
"obs_0495",TRUE,"","soil","source review",""
"obs_0496",TRUE,"","soil","source review",""
"obs_0497",TRUE,"","soil","source review",""
"obs_0498",TRUE,"","soil","source review",""
"obs_0499",TRUE,"","soil","source review",""
"obs_0500",TRUE,"","soil","source review",""
"obs_0501",TRUE,"","soil","source review",""
"obs_0502",TRUE,"","soil","source review",""
"obs_0503",TRUE,"","soil","source review",""
"obs_0504",TRUE,"","soil","source review",""
"obs_0505",TRUE,"","soil","source review",""
"obs_0506",TRUE,"","soil","source review",""
"obs_0507",TRUE,"","soil","source review",""
"obs_0508",TRUE,"","soil","source review",""
"obs_0509",TRUE,"","lake sediment","coordinate heuristic",""
"obs_0510",TRUE,"","lake sediment","coordinate heuristic",""
"obs_0511",TRUE,"","lake sediment","coordinate heuristic",""
"obs_0512",TRUE,"","lake sediment","coordinate heuristic",""
"obs_0513",TRUE,"","lake sediment","coordinate heuristic",""
"obs_0514",TRUE,"","lake sediment","coordinate heuristic",""
"obs_0515",TRUE,"","lake sediment","coordinate heuristic",""
"obs_0516",TRUE,"","lake sediment","coordinate heuristic",""
"obs_0517",TRUE,"","lake sediment","coordinate heuristic",""
"obs_0518",TRUE,"","lake sediment","coordinate heuristic",""
"obs_0519",TRUE,"","lake sediment","coordinate heuristic",""
"obs_0520",TRUE,"","lake sediment","coordinate heuristic",""
"obs_0521",TRUE,"","lake sediment","coordinate heuristic",""
"obs_0522",FALSE,"duplicate: non-canonical member of same-DOI re-ingestion set","lake sediment","coordinate heuristic",""
"obs_0523",TRUE,"","lake sediment","coordinate heuristic",""
"obs_0524",TRUE,"","lake sediment","coordinate heuristic",""
"obs_0525",TRUE,"","lake sediment","coordinate heuristic",""
"obs_0526",TRUE,"","lake sediment","coordinate heuristic",""
"obs_0527",TRUE,"","lake sediment","coordinate heuristic",""
"obs_0528",TRUE,"","lake sediment","coordinate heuristic",""
"obs_0529",TRUE,"","lake sediment","coordinate heuristic","near-coast lake versus marine classification remains uncertain"
"obs_0530",TRUE,"","marine sediment","coordinate heuristic","near-coast lake versus marine classification remains uncertain"
"obs_0531",TRUE,"","lake sediment","coordinate heuristic",""
"obs_0532",TRUE,"","lake sediment","coordinate heuristic","near-coast lake versus marine classification remains uncertain"
"obs_0533",TRUE,"","lake sediment","coordinate heuristic",""
"obs_0534",TRUE,"","lake sediment","coordinate heuristic",""
"obs_0535",TRUE,"","lake sediment","coordinate heuristic",""
"obs_0536",TRUE,"","lake sediment","coordinate heuristic",""
"obs_0537",TRUE,"","lake sediment","coordinate heuristic",""
"obs_0538",TRUE,"","lake sediment","coordinate heuristic",""
"obs_0539",TRUE,"","lake sediment","coordinate heuristic",""
"obs_0540",TRUE,"","lake sediment","coordinate heuristic",""
"obs_0541",TRUE,"","lake sediment","coordinate heuristic",""
"obs_0542",TRUE,"","lake sediment","coordinate heuristic",""
"obs_0543",TRUE,"","lake sediment","coordinate heuristic",""
"obs_0544",TRUE,"","lake sediment","coordinate heuristic",""
"obs_0545",TRUE,"","lake sediment","coordinate heuristic",""
"obs_0546",TRUE,"","lake sediment","coordinate heuristic","near-coast lake versus marine classification remains uncertain"
"obs_0547",TRUE,"","lake sediment","coordinate heuristic","near-coast lake versus marine classification remains uncertain"
"obs_0548",TRUE,"","lake sediment","coordinate heuristic",""
"obs_0549",TRUE,"","lake sediment","coordinate heuristic",""
"obs_0550",TRUE,"","marine sediment","coordinate heuristic","near-coast lake versus marine classification remains uncertain"
"obs_0551",TRUE,"","marine sediment","coordinate heuristic","near-coast lake versus marine classification remains uncertain"
"obs_0552",TRUE,"","lake sediment","coordinate heuristic",""
"obs_0553",TRUE,"","lake sediment","coordinate heuristic",""
"obs_0554",TRUE,"","marine sediment","coordinate heuristic","near-coast lake versus marine classification remains uncertain"
"obs_0555",TRUE,"","lake sediment","coordinate heuristic",""
"obs_0556",TRUE,"","lake sediment","coordinate heuristic",""
"obs_0557",TRUE,"","lake sediment","coordinate heuristic",""
"obs_0558",TRUE,"","lake sediment","coordinate heuristic",""
"obs_0559",TRUE,"","lake sediment","coordinate heuristic",""
"obs_0560",TRUE,"","lake sediment","coordinate heuristic",""
"obs_0561",TRUE,"","lake sediment","coordinate heuristic",""
"obs_0562",TRUE,"","lake sediment","coordinate heuristic",""
"obs_0563",TRUE,"","lake sediment","coordinate heuristic",""
"obs_0564",TRUE,"","lake sediment","coordinate heuristic",""
"obs_0565",TRUE,"","lake sediment","coordinate heuristic",""
"obs_0566",TRUE,"","lake sediment","coordinate heuristic",""
"obs_0567",TRUE,"","lake sediment","coordinate heuristic",""
"obs_0568",TRUE,"","lake sediment","coordinate heuristic",""
"obs_0569",TRUE,"","lake sediment","coordinate heuristic",""
"obs_0570",TRUE,"","lake sediment","coordinate heuristic",""
"obs_0571",TRUE,"","lake sediment","coordinate heuristic",""
"obs_0572",TRUE,"","lake sediment","coordinate heuristic",""
"obs_0573",TRUE,"","lake sediment","coordinate heuristic",""
"obs_0574",TRUE,"","lake sediment","coordinate heuristic",""
"obs_0575",TRUE,"","lake sediment","coordinate heuristic",""
"obs_0576",TRUE,"","lake sediment","coordinate heuristic",""
"obs_0577",TRUE,"","lake sediment","coordinate heuristic",""
"obs_0578",TRUE,"","lake sediment","coordinate heuristic",""
"obs_0579",TRUE,"","lake sediment","coordinate heuristic",""
"obs_0580",TRUE,"","lake sediment","coordinate heuristic",""
"obs_0581",TRUE,"","lake sediment","coordinate heuristic",""
"obs_0582",TRUE,"","lake sediment","coordinate heuristic",""
"obs_0583",TRUE,"","lake sediment","coordinate heuristic",""
"obs_0584",TRUE,"","lake sediment","coordinate heuristic",""
"obs_0585",TRUE,"","lake sediment","coordinate heuristic",""
"obs_0586",TRUE,"","lake sediment","coordinate heuristic",""
"obs_0587",TRUE,"","lake sediment","coordinate heuristic",""
"obs_0588",TRUE,"","lake sediment","coordinate heuristic",""
"obs_0589",TRUE,"","lake sediment","coordinate heuristic",""
"obs_0590",TRUE,"","lake sediment","coordinate heuristic",""
"obs_0591",TRUE,"","lake sediment","coordinate heuristic",""
"obs_0592",TRUE,"","lake sediment","coordinate heuristic",""
"obs_0593",TRUE,"","lake sediment","coordinate heuristic",""
"obs_0594",TRUE,"","lake sediment","coordinate heuristic",""
"obs_0595",TRUE,"","lake sediment","coordinate heuristic",""
"obs_0596",TRUE,"","lake sediment","coordinate heuristic",""
"obs_0597",TRUE,"","lake sediment","coordinate heuristic",""
"obs_0598",TRUE,"","lake sediment","coordinate heuristic",""
"obs_0599",TRUE,"","lake sediment","coordinate heuristic",""
"obs_0600",TRUE,"","lake sediment","coordinate heuristic",""
"obs_0601",TRUE,"","lake sediment","coordinate heuristic",""
"obs_0602",TRUE,"","lake sediment","coordinate heuristic",""
"obs_0603",TRUE,"","lake sediment","coordinate heuristic",""
"obs_0604",TRUE,"","lake sediment","coordinate heuristic",""
"obs_0605",TRUE,"","lake sediment","coordinate heuristic",""
"obs_0606",TRUE,"","lake sediment","coordinate heuristic",""
"obs_0607",TRUE,"","lake sediment","coordinate heuristic",""
"obs_0608",TRUE,"","soil","source review",""
"obs_0609",TRUE,"","soil","source review",""
"obs_0610",TRUE,"","soil","source review",""
"obs_0611",TRUE,"","soil","source review",""
"obs_0612",TRUE,"","lake sediment","coordinate heuristic",""
"obs_0613",TRUE,"","lake sediment","coordinate heuristic",""
"obs_0614",TRUE,"","lake sediment","coordinate heuristic",""
"obs_0615",TRUE,"","lake sediment","coordinate heuristic",""
"obs_0616",TRUE,"","lake sediment","coordinate heuristic",""
"obs_0617",TRUE,"","lake sediment","coordinate heuristic",""
"obs_0618",TRUE,"","lake sediment","coordinate heuristic",""
"obs_0619",TRUE,"","lake sediment","coordinate heuristic",""
"obs_0620",TRUE,"","lake sediment","coordinate heuristic",""
"obs_0621",TRUE,"","lake sediment","coordinate heuristic",""
"obs_0622",TRUE,"","lake sediment","coordinate heuristic",""
"obs_0623",TRUE,"","lake sediment","coordinate heuristic",""
"obs_0624",TRUE,"","lake sediment","coordinate heuristic",""
"obs_0625",TRUE,"","lake sediment","coordinate heuristic",""
"obs_0626",TRUE,"","lake sediment","coordinate heuristic",""
"obs_0627",TRUE,"","lake sediment","coordinate heuristic",""
"obs_0628",TRUE,"","lake sediment","coordinate heuristic",""
"obs_0629",TRUE,"","lake sediment","coordinate heuristic",""
"obs_0630",TRUE,"","lake sediment","coordinate heuristic",""
"obs_0631",TRUE,"","lake sediment","coordinate heuristic",""
"obs_0632",TRUE,"","lake sediment","coordinate heuristic",""
"obs_0633",TRUE,"","lake sediment","coordinate heuristic",""
"obs_0634",TRUE,"","lake sediment","coordinate heuristic","near-coast lake versus marine classification remains uncertain"
"obs_0635",TRUE,"","marine sediment","coordinate heuristic",""
"obs_0636",TRUE,"","lake sediment","coordinate heuristic","near-coast lake versus marine classification remains uncertain"
"obs_0637",TRUE,"","lake sediment","coordinate heuristic","near-coast lake versus marine classification remains uncertain"
"obs_0638",TRUE,"","lake sediment","coordinate heuristic","near-coast lake versus marine classification remains uncertain"
"obs_0639",TRUE,"","lake sediment","coordinate heuristic","near-coast lake versus marine classification remains uncertain"
"obs_0640",TRUE,"","lake sediment","coordinate heuristic","near-coast lake versus marine classification remains uncertain"
"obs_0641",TRUE,"","lake sediment","coordinate heuristic",""
"obs_0642",TRUE,"","lake sediment","coordinate heuristic","near-coast lake versus marine classification remains uncertain"
"obs_0643",TRUE,"","lake sediment","coordinate heuristic",""
"obs_0644",TRUE,"","lake sediment","coordinate heuristic","near-coast lake versus marine classification remains uncertain"
"obs_0645",TRUE,"","lake sediment","coordinate heuristic",""
"obs_0646",TRUE,"","lake sediment","coordinate heuristic",""
"obs_0647",TRUE,"","lake sediment","coordinate heuristic",""
"obs_0648",TRUE,"","lake sediment","coordinate heuristic",""
"obs_0649",TRUE,"","lake sediment","coordinate heuristic",""
"obs_0650",TRUE,"","lake sediment","coordinate heuristic",""
"obs_0651",TRUE,"","lake sediment","coordinate heuristic",""
"obs_0652",TRUE,"","lake sediment","coordinate heuristic",""
"obs_0653",TRUE,"","lake sediment","coordinate heuristic",""
"obs_0654",TRUE,"","lake sediment","coordinate heuristic",""
"obs_0655",TRUE,"","lake sediment","coordinate heuristic",""
"obs_0656",TRUE,"","lake sediment","coordinate heuristic",""
"obs_0657",TRUE,"","lake sediment","coordinate heuristic",""
"obs_0658",TRUE,"","lake sediment","coordinate heuristic",""
"obs_0659",TRUE,"","lake sediment","coordinate heuristic",""
"obs_0660",TRUE,"","lake sediment","coordinate heuristic",""
"obs_0661",TRUE,"","lake sediment","coordinate heuristic",""
"obs_0662",TRUE,"","lake sediment","coordinate heuristic",""
"obs_0663",TRUE,"","lake sediment","coordinate heuristic",""
"obs_0664",TRUE,"","lake sediment","coordinate heuristic",""
"obs_0665",TRUE,"","lake sediment","coordinate heuristic",""
"obs_0666",TRUE,"","lake sediment","coordinate heuristic",""
"obs_0667",TRUE,"","lake sediment","coordinate heuristic",""
"obs_0668",TRUE,"","lake sediment","coordinate heuristic",""
"obs_0669",TRUE,"","lake sediment","coordinate heuristic",""
"obs_0670",TRUE,"","lake sediment","coordinate heuristic",""
"obs_0671",TRUE,"","lake sediment","coordinate heuristic",""
"obs_0672",TRUE,"","lake sediment","coordinate heuristic",""
"obs_0673",TRUE,"","lake sediment","coordinate heuristic",""
"obs_0674",TRUE,"","lake sediment","coordinate heuristic",""
"obs_0675",TRUE,"","lake sediment","coordinate heuristic",""
"obs_0676",TRUE,"","lake sediment","coordinate heuristic",""
"obs_0677",TRUE,"","lake sediment","coordinate heuristic",""
"obs_0678",TRUE,"","lake sediment","coordinate heuristic",""
"obs_0679",TRUE,"","lake sediment","coordinate heuristic",""
"obs_0680",TRUE,"","lake sediment","coordinate heuristic",""
"obs_0681",TRUE,"","lake sediment","coordinate heuristic",""
"obs_0682",TRUE,"","lake sediment","coordinate heuristic",""
"obs_0683",TRUE,"","lake sediment","coordinate heuristic",""
"obs_0684",TRUE,"","lake sediment","coordinate heuristic",""
"obs_0685",TRUE,"","lake sediment","coordinate heuristic",""
"obs_0686",TRUE,"","lake sediment","coordinate heuristic",""
"obs_0687",TRUE,"","lake sediment","coordinate heuristic",""
"obs_0688",TRUE,"","lake sediment","coordinate heuristic",""
"obs_0689",TRUE,"","lake sediment","coordinate heuristic",""
"obs_0690",TRUE,"","lake sediment","coordinate heuristic",""
"obs_0691",TRUE,"","lake sediment","coordinate heuristic",""
"obs_0692",TRUE,"","lake sediment","coordinate heuristic",""
"obs_0693",TRUE,"","lake sediment","coordinate heuristic",""
"obs_0694",TRUE,"","soil","source review",""
"obs_0695",TRUE,"","soil","source review",""
"obs_0696",TRUE,"","soil","source review",""
"obs_0697",TRUE,"","soil","source review",""
"obs_0698",TRUE,"","soil","source review",""
"obs_0699",TRUE,"","soil","source review",""
"obs_0700",TRUE,"","soil","source review",""
"obs_0701",TRUE,"","soil","source review",""
"obs_0702",TRUE,"","soil","source review",""
"obs_0703",TRUE,"","soil","source review",""
"obs_0704",TRUE,"","soil","source review",""
"obs_0705",TRUE,"","soil","source review",""
"obs_0706",TRUE,"","soil","source review",""
"obs_0707",TRUE,"","soil","source review",""
"obs_0708",TRUE,"","soil","source review",""
"obs_0709",TRUE,"","soil","source review",""
"obs_0710",TRUE,"","soil","source review",""
"obs_0711",TRUE,"","soil","source review",""
"obs_0712",TRUE,"","soil","source review",""
"obs_0713",TRUE,"","soil","source review",""
"obs_0714",TRUE,"","soil","source review",""
"obs_0715",TRUE,"","soil","source review",""
"obs_0716",TRUE,"","soil","source review",""
"obs_0717",TRUE,"","soil","source review",""
"obs_0718",TRUE,"","lake sediment","coordinate heuristic","near-coast lake versus marine classification remains uncertain"
"obs_0719",TRUE,"","lake sediment","coordinate heuristic","near-coast lake versus marine classification remains uncertain"
"obs_0720",TRUE,"","lake sediment","coordinate heuristic",""
"obs_0721",TRUE,"","lake sediment","coordinate heuristic",""
"obs_0722",TRUE,"","lake sediment","coordinate heuristic",""
"obs_0723",TRUE,"","lake sediment","coordinate heuristic",""
"obs_0724",TRUE,"","lake sediment","coordinate heuristic",""
"obs_0725",TRUE,"","lake sediment","coordinate heuristic",""
"obs_0726",TRUE,"","lake sediment","coordinate heuristic",""
"obs_0727",TRUE,"","lake sediment","coordinate heuristic",""
"obs_0728",TRUE,"","lake sediment","coordinate heuristic",""
"obs_0729",TRUE,"","lake sediment","coordinate heuristic",""
"obs_0730",TRUE,"","lake sediment","coordinate heuristic",""
"obs_0731",TRUE,"","lake sediment","coordinate heuristic",""
"obs_0732",TRUE,"","lake sediment","coordinate heuristic",""
"obs_0733",TRUE,"","lake sediment","coordinate heuristic",""
"obs_0734",TRUE,"","lake sediment","coordinate heuristic",""
"obs_0735",TRUE,"","lake sediment","coordinate heuristic",""
"obs_0736",TRUE,"","lake sediment","coordinate heuristic",""
"obs_0737",TRUE,"","lake sediment","coordinate heuristic",""
"obs_0738",TRUE,"","lake sediment","coordinate heuristic",""
"obs_0739",TRUE,"","lake sediment","coordinate heuristic",""
"obs_0740",TRUE,"","lake sediment","coordinate heuristic",""
"obs_0741",TRUE,"","lake sediment","coordinate heuristic",""
"obs_0742",TRUE,"","lake sediment","coordinate heuristic",""
"obs_0743",TRUE,"","lake sediment","coordinate heuristic",""
"obs_0744",TRUE,"","lake sediment","coordinate heuristic",""
"obs_0745",TRUE,"","lake sediment","coordinate heuristic",""
"obs_0746",TRUE,"","lake sediment","coordinate heuristic",""
"obs_0747",TRUE,"","lake sediment","coordinate heuristic",""
"obs_0748",TRUE,"","lake sediment","coordinate heuristic",""
"obs_0749",TRUE,"","lake sediment","coordinate heuristic",""
"obs_0750",TRUE,"","lake sediment","coordinate heuristic",""
"obs_0751",TRUE,"","lake sediment","coordinate heuristic",""
"obs_0752",TRUE,"","lake sediment","coordinate heuristic",""
"obs_0753",TRUE,"","lake sediment","coordinate heuristic",""
"obs_0754",TRUE,"","lake sediment","coordinate heuristic",""
"obs_0755",TRUE,"","lake sediment","coordinate heuristic",""
"obs_0756",TRUE,"","lake sediment","coordinate heuristic",""
"obs_0757",TRUE,"","lake sediment","coordinate heuristic",""
"obs_0758",TRUE,"","lake sediment","coordinate heuristic",""
"obs_0759",TRUE,"","lake sediment","coordinate heuristic",""
"obs_0760",TRUE,"","lake sediment","coordinate heuristic",""
"obs_0761",TRUE,"","lake sediment","coordinate heuristic",""
"obs_0762",TRUE,"","lake sediment","coordinate heuristic","near-coast lake versus marine classification remains uncertain"
"obs_0763",TRUE,"","lake sediment","coordinate heuristic","near-coast lake versus marine classification remains uncertain"
"obs_0764",TRUE,"","lake sediment","coordinate heuristic",""
"obs_0765",TRUE,"","lake sediment","coordinate heuristic",""
"obs_0766",TRUE,"","lake sediment","coordinate heuristic",""
"obs_0767",TRUE,"","lake sediment","coordinate heuristic",""
"obs_0768",TRUE,"","lake sediment","coordinate heuristic",""
"obs_0769",TRUE,"","lake sediment","coordinate heuristic",""
"obs_0770",TRUE,"","lake sediment","coordinate heuristic",""
"obs_0771",TRUE,"","soil","source review",""
"obs_0772",TRUE,"","soil","source review",""
"obs_0773",TRUE,"","soil","source review",""
"obs_0774",TRUE,"","soil","source review",""
"obs_0775",TRUE,"","soil","source review",""
"obs_0776",TRUE,"","soil","source review",""
"obs_0777",TRUE,"","soil","source review",""
"obs_0778",TRUE,"","lake sediment","coordinate heuristic",""
"obs_0779",TRUE,"","lake sediment","coordinate heuristic",""
"obs_0780",TRUE,"","lake sediment","coordinate heuristic",""
"obs_0781",TRUE,"","lake sediment","coordinate heuristic",""
"obs_0782",TRUE,"","lake sediment","coordinate heuristic",""
"obs_0783",TRUE,"","lake sediment","coordinate heuristic",""
"obs_0784",TRUE,"","lake sediment","coordinate heuristic",""
"obs_0785",TRUE,"","lake sediment","coordinate heuristic",""
"obs_0786",TRUE,"","lake sediment","coordinate heuristic",""
"obs_0787",TRUE,"","lake sediment","coordinate heuristic",""
"obs_0788",TRUE,"","lake sediment","coordinate heuristic",""
"obs_0789",TRUE,"","lake sediment","coordinate heuristic",""
"obs_0790",TRUE,"","lake sediment","coordinate heuristic",""
"obs_0791",TRUE,"","lake sediment","coordinate heuristic",""
"obs_0792",TRUE,"","lake sediment","coordinate heuristic",""
"obs_0793",TRUE,"","lake sediment","coordinate heuristic",""
"obs_0794",TRUE,"","lake sediment","coordinate heuristic",""
"obs_0795",TRUE,"","lake sediment","coordinate heuristic",""
"obs_0796",TRUE,"","lake sediment","coordinate heuristic",""
"obs_0797",TRUE,"","lake sediment","coordinate heuristic",""
"obs_0798",TRUE,"","lake sediment","coordinate heuristic",""
"obs_0799",TRUE,"","lake sediment","coordinate heuristic",""
"obs_0800",TRUE,"","lake sediment","coordinate heuristic",""
"obs_0801",TRUE,"","lake sediment","coordinate heuristic",""
"obs_0802",TRUE,"","lake sediment","coordinate heuristic",""
"obs_0803",TRUE,"","lake sediment","coordinate heuristic",""
"obs_0804",TRUE,"","lake sediment","coordinate heuristic",""
"obs_0805",TRUE,"","lake sediment","coordinate heuristic",""
"obs_0806",TRUE,"","lake sediment","coordinate heuristic",""
"obs_0807",TRUE,"","lake sediment","coordinate heuristic",""
"obs_0808",TRUE,"","lake sediment","coordinate heuristic",""
"obs_0809",TRUE,"","lake sediment","coordinate heuristic",""
"obs_0810",TRUE,"","lake sediment","coordinate heuristic",""
"obs_0811",TRUE,"","lake sediment","coordinate heuristic",""
"obs_0812",TRUE,"","lake sediment","coordinate heuristic",""
"obs_0813",TRUE,"","lake sediment","coordinate heuristic","near-coast lake versus marine classification remains uncertain"
"obs_0814",TRUE,"","lake sediment","coordinate heuristic","near-coast lake versus marine classification remains uncertain"
"obs_0815",TRUE,"","marine sediment","coordinate heuristic","near-coast lake versus marine classification remains uncertain"
"obs_0816",TRUE,"","marine sediment","coordinate heuristic",""
"obs_0817",TRUE,"","lake sediment","coordinate heuristic","near-coast lake versus marine classification remains uncertain"
"obs_0818",TRUE,"","lake sediment","coordinate heuristic","near-coast lake versus marine classification remains uncertain"
"obs_0819",TRUE,"","marine sediment","coordinate heuristic","near-coast lake versus marine classification remains uncertain"
"obs_0820",TRUE,"","lake sediment","coordinate heuristic","near-coast lake versus marine classification remains uncertain"
"obs_0821",TRUE,"","marine sediment","coordinate heuristic","near-coast lake versus marine classification remains uncertain"
"obs_0822",TRUE,"","lake sediment","coordinate heuristic","near-coast lake versus marine classification remains uncertain"
"obs_0823",TRUE,"","marine sediment","coordinate heuristic",""
"obs_0824",TRUE,"","lake sediment","coordinate heuristic","near-coast lake versus marine classification remains uncertain"
"obs_0825",TRUE,"","lake sediment","coordinate heuristic","near-coast lake versus marine classification remains uncertain"
"obs_0826",TRUE,"","lake sediment","coordinate heuristic","near-coast lake versus marine classification remains uncertain"
"obs_0827",TRUE,"","lake sediment","coordinate heuristic","near-coast lake versus marine classification remains uncertain"
"obs_0828",TRUE,"","lake sediment","coordinate heuristic","near-coast lake versus marine classification remains uncertain"
"obs_0829",TRUE,"","lake sediment","coordinate heuristic","near-coast lake versus marine classification remains uncertain"
"obs_0830",TRUE,"","lake sediment","coordinate heuristic","near-coast lake versus marine classification remains uncertain"
"obs_0831",TRUE,"","lake sediment","coordinate heuristic","near-coast lake versus marine classification remains uncertain"
"obs_0832",TRUE,"","lake sediment","coordinate heuristic","near-coast lake versus marine classification remains uncertain"
"obs_0833",TRUE,"","soil","coordinate heuristic",""
"obs_0834",TRUE,"","soil","source review",""
"obs_0835",TRUE,"","soil","source review",""
"obs_0836",TRUE,"","soil","source review",""
"obs_0837",TRUE,"","soil","source review",""
"obs_0838",TRUE,"","soil","source review",""
"obs_0839",TRUE,"","soil","source review",""
"obs_0840",TRUE,"","soil","source review",""
"obs_0841",TRUE,"","lake sediment","coordinate heuristic","near-coast lake versus marine classification remains uncertain"
"obs_0842",TRUE,"","lake sediment","coordinate heuristic","near-coast lake versus marine classification remains uncertain"
"obs_0843",TRUE,"","lake sediment","coordinate heuristic",""
"obs_0844",TRUE,"","lake sediment","coordinate heuristic","near-coast lake versus marine classification remains uncertain"
"obs_0845",TRUE,"","lake sediment","coordinate heuristic","near-coast lake versus marine classification remains uncertain"
"obs_0846",TRUE,"","lake sediment","coordinate heuristic","near-coast lake versus marine classification remains uncertain"
"obs_0847",TRUE,"","lake sediment","coordinate heuristic","near-coast lake versus marine classification remains uncertain"
"obs_0848",TRUE,"","lake sediment","coordinate heuristic","near-coast lake versus marine classification remains uncertain"
"obs_0849",TRUE,"","lake sediment","coordinate heuristic","near-coast lake versus marine classification remains uncertain"
"obs_0850",TRUE,"","lake sediment","coordinate heuristic","near-coast lake versus marine classification remains uncertain"
"obs_0851",TRUE,"","lake sediment","coordinate heuristic","near-coast lake versus marine classification remains uncertain"
"obs_0852",TRUE,"","lake sediment","coordinate heuristic","near-coast lake versus marine classification remains uncertain"
"obs_0853",TRUE,"","lake sediment","coordinate heuristic","near-coast lake versus marine classification remains uncertain"
"obs_0854",TRUE,"","lake sediment","coordinate heuristic","near-coast lake versus marine classification remains uncertain"
"obs_0855",TRUE,"","lake sediment","coordinate heuristic","near-coast lake versus marine classification remains uncertain"
"obs_0856",TRUE,"","lake sediment","coordinate heuristic","near-coast lake versus marine classification remains uncertain"
"obs_0857",TRUE,"","lake sediment","coordinate heuristic","near-coast lake versus marine classification remains uncertain"
"obs_0858",TRUE,"","lake sediment","coordinate heuristic","near-coast lake versus marine classification remains uncertain"
"obs_0859",TRUE,"","lake sediment","coordinate heuristic","near-coast lake versus marine classification remains uncertain"
"obs_0860",TRUE,"","lake sediment","coordinate heuristic","near-coast lake versus marine classification remains uncertain"
"obs_0861",TRUE,"","lake sediment","coordinate heuristic","near-coast lake versus marine classification remains uncertain"
"obs_0862",TRUE,"","lake sediment","coordinate heuristic","near-coast lake versus marine classification remains uncertain"
"obs_0863",TRUE,"","lake sediment","coordinate heuristic","near-coast lake versus marine classification remains uncertain"
"obs_0864",TRUE,"","lake sediment","coordinate heuristic",""
"obs_0865",TRUE,"","lake sediment","coordinate heuristic",""
"obs_0866",TRUE,"","lake sediment","coordinate heuristic",""
"obs_0867",TRUE,"","lake sediment","coordinate heuristic",""
"obs_0868",TRUE,"","lake sediment","coordinate heuristic",""
"obs_0869",TRUE,"","lake sediment","coordinate heuristic","near-coast lake versus marine classification remains uncertain"
"obs_0870",TRUE,"","lake sediment","coordinate heuristic","near-coast lake versus marine classification remains uncertain"
"obs_0871",TRUE,"","lake sediment","coordinate heuristic",""
"obs_0872",TRUE,"","lake sediment","coordinate heuristic","near-coast lake versus marine classification remains uncertain"
"obs_0873",TRUE,"","lake sediment","coordinate heuristic","near-coast lake versus marine classification remains uncertain"
"obs_0874",TRUE,"","lake sediment","coordinate heuristic",""
"obs_0875",TRUE,"","lake sediment","coordinate heuristic",""
"obs_0876",TRUE,"","lake sediment","coordinate heuristic",""
"obs_0877",TRUE,"","soil","coordinate heuristic",""
"obs_0878",TRUE,"","soil","coordinate heuristic",""
"obs_0879",TRUE,"","soil","coordinate heuristic",""
"obs_0880",TRUE,"","soil","coordinate heuristic",""
"obs_0881",TRUE,"","soil","coordinate heuristic",""
"obs_0882",TRUE,"","soil","coordinate heuristic",""
"obs_0883",TRUE,"","soil","coordinate heuristic",""
"obs_0884",TRUE,"","soil","coordinate heuristic",""
"obs_0885",TRUE,"","soil","coordinate heuristic",""
"obs_0886",TRUE,"","soil","coordinate heuristic",""
"obs_0887",TRUE,"","soil","coordinate heuristic",""
"obs_0888",TRUE,"","soil","coordinate heuristic",""
"obs_0889",TRUE,"","soil","coordinate heuristic",""
"obs_0890",TRUE,"","soil","coordinate heuristic",""
"obs_0891",TRUE,"","soil","coordinate heuristic",""
"obs_0892",TRUE,"","soil","coordinate heuristic",""
"obs_0893",TRUE,"","soil","coordinate heuristic",""
"obs_0894",TRUE,"","soil","coordinate heuristic",""
"obs_0895",TRUE,"","soil","coordinate heuristic",""
"obs_0896",TRUE,"","soil","coordinate heuristic",""
"obs_0897",TRUE,"","lake sediment","coordinate heuristic",""
"obs_0898",TRUE,"","soil","coordinate heuristic",""
"obs_0899",TRUE,"","soil","coordinate heuristic",""
"obs_0900",TRUE,"","soil","coordinate heuristic",""
"obs_0901",TRUE,"","lake sediment","coordinate heuristic",""
"obs_0902",TRUE,"","lake sediment","coordinate heuristic",""
"obs_0903",TRUE,"","lake sediment","coordinate heuristic",""
"obs_0904",TRUE,"","lake sediment","coordinate heuristic",""
"obs_0905",TRUE,"","lake sediment","coordinate heuristic",""
"obs_0906",TRUE,"","lake sediment","coordinate heuristic",""
"obs_0907",TRUE,"","lake sediment","coordinate heuristic",""
"obs_0908",TRUE,"","lake sediment","coordinate heuristic",""
"obs_0909",TRUE,"","lake sediment","coordinate heuristic",""
"obs_0910",TRUE,"","lake sediment","coordinate heuristic",""
"obs_0911",TRUE,"","lake sediment","coordinate heuristic",""
"obs_0912",TRUE,"","lake sediment","coordinate heuristic",""
"obs_0913",TRUE,"","lake sediment","coordinate heuristic",""
"obs_0914",TRUE,"","lake sediment","coordinate heuristic",""
"obs_0915",TRUE,"","lake sediment","coordinate heuristic",""
"obs_0916",TRUE,"","lake sediment","coordinate heuristic",""
"obs_0917",TRUE,"","lake sediment","coordinate heuristic",""
"obs_0918",TRUE,"","lake sediment","coordinate heuristic",""
"obs_0919",TRUE,"","lake sediment","coordinate heuristic",""
"obs_0920",TRUE,"","lake sediment","coordinate heuristic",""
"obs_0921",TRUE,"","lake sediment","coordinate heuristic",""
"obs_0922",TRUE,"","lake sediment","coordinate heuristic",""
"obs_0923",TRUE,"","lake sediment","coordinate heuristic",""
"obs_0924",TRUE,"","lake sediment","coordinate heuristic",""
"obs_0925",TRUE,"","lake sediment","coordinate heuristic",""
"obs_0926",TRUE,"","soil","coordinate heuristic",""
"obs_0927",TRUE,"","soil","coordinate heuristic",""
"obs_0928",TRUE,"","soil","coordinate heuristic",""
"obs_0929",TRUE,"","soil","coordinate heuristic",""
"obs_0930",TRUE,"","soil","coordinate heuristic",""
"obs_0931",TRUE,"","soil","coordinate heuristic",""
"obs_0932",TRUE,"","soil","coordinate heuristic",""
"obs_0933",TRUE,"","soil","coordinate heuristic",""
"obs_0934",TRUE,"","soil","coordinate heuristic",""
"obs_0935",TRUE,"","soil","coordinate heuristic",""
"obs_0936",TRUE,"","soil","coordinate heuristic",""
"obs_0937",TRUE,"","soil","coordinate heuristic",""
"obs_0938",TRUE,"","soil","coordinate heuristic",""
"obs_0939",TRUE,"","soil","coordinate heuristic",""
"obs_0940",TRUE,"","soil","coordinate heuristic",""
"obs_0941",TRUE,"","soil","coordinate heuristic",""
"obs_0942",TRUE,"","soil","coordinate heuristic",""
"obs_0943",TRUE,"","soil","coordinate heuristic",""
"obs_0944",TRUE,"","soil","coordinate heuristic",""
"obs_0945",TRUE,"","soil","coordinate heuristic",""
"obs_0946",TRUE,"","soil","coordinate heuristic",""
"obs_0947",TRUE,"","soil","coordinate heuristic",""
"obs_0948",TRUE,"","soil","coordinate heuristic",""
"obs_0949",TRUE,"","soil","coordinate heuristic",""
"obs_0950",TRUE,"","soil","coordinate heuristic",""
"obs_0951",TRUE,"","soil","coordinate heuristic",""
"obs_0952",TRUE,"","soil","coordinate heuristic",""
"obs_0953",TRUE,"","soil","coordinate heuristic",""
"obs_0954",TRUE,"","soil","coordinate heuristic",""
"obs_0955",TRUE,"","soil","coordinate heuristic",""
"obs_0956",TRUE,"","soil","coordinate heuristic",""
"obs_0957",TRUE,"","soil","coordinate heuristic",""
"obs_0958",TRUE,"","soil","coordinate heuristic",""
"obs_0959",TRUE,"","soil","coordinate heuristic",""
"obs_0960",TRUE,"","soil","coordinate heuristic",""
"obs_0961",TRUE,"","lake sediment","coordinate heuristic",""
"obs_0962",TRUE,"","lake sediment","coordinate heuristic",""
"obs_0963",TRUE,"","lake sediment","coordinate heuristic",""
"obs_0964",TRUE,"","lake sediment","coordinate heuristic",""
"obs_0965",TRUE,"","lake sediment","coordinate heuristic",""
"obs_0966",TRUE,"","lake sediment","coordinate heuristic",""
"obs_0967",TRUE,"","lake sediment","coordinate heuristic",""
"obs_0968",TRUE,"","lake sediment","coordinate heuristic",""
"obs_0969",TRUE,"","lake sediment","coordinate heuristic",""
"obs_0970",TRUE,"","lake sediment","coordinate heuristic",""
"obs_0971",TRUE,"","lake sediment","coordinate heuristic",""
"obs_0972",TRUE,"","lake sediment","coordinate heuristic","near-coast lake versus marine classification remains uncertain"
"obs_0973",TRUE,"","lake sediment","coordinate heuristic",""
"obs_0974",TRUE,"","lake sediment","coordinate heuristic",""
"obs_0975",TRUE,"","lake sediment","coordinate heuristic",""
"obs_0976",TRUE,"","lake sediment","coordinate heuristic",""
"obs_0977",TRUE,"","lake sediment","coordinate heuristic",""
"obs_0978",TRUE,"","lake sediment","coordinate heuristic",""
"obs_0979",TRUE,"","lake sediment","coordinate heuristic",""
"obs_0980",TRUE,"","lake sediment","coordinate heuristic",""
"obs_0981",TRUE,"","lake sediment","coordinate heuristic",""
"obs_0982",TRUE,"","lake sediment","coordinate heuristic",""
"obs_0983",TRUE,"","lake sediment","coordinate heuristic",""
"obs_0984",TRUE,"","lake sediment","coordinate heuristic",""
"obs_0985",TRUE,"","lake sediment","coordinate heuristic",""
"obs_0986",TRUE,"","lake sediment","coordinate heuristic",""
"obs_0987",TRUE,"","lake sediment","coordinate heuristic",""
"obs_0988",TRUE,"","lake sediment","coordinate heuristic","near-coast lake versus marine classification remains uncertain"
"obs_0989",TRUE,"","lake sediment","coordinate heuristic",""
"obs_0990",TRUE,"","lake sediment","coordinate heuristic",""
"obs_0991",TRUE,"","soil","coordinate heuristic",""
"obs_0992",TRUE,"","soil","coordinate heuristic",""
"obs_0993",TRUE,"","soil","coordinate heuristic",""
"obs_0994",TRUE,"","soil","coordinate heuristic",""
"obs_0995",TRUE,"","soil","coordinate heuristic",""
"obs_0996",TRUE,"","soil","coordinate heuristic",""
"obs_0997",TRUE,"","soil","coordinate heuristic",""
"obs_0998",TRUE,"","soil","coordinate heuristic",""
"obs_0999",TRUE,"","soil","coordinate heuristic",""
"obs_1000",TRUE,"","soil","coordinate heuristic",""
"obs_1001",TRUE,"","soil","coordinate heuristic",""
"obs_1002",TRUE,"","soil","coordinate heuristic",""
"obs_1003",TRUE,"","soil","coordinate heuristic",""
"obs_1004",TRUE,"","soil","coordinate heuristic",""
"obs_1005",TRUE,"","soil","coordinate heuristic",""
"obs_1006",TRUE,"","soil","coordinate heuristic",""
"obs_1007",TRUE,"","soil","coordinate heuristic",""
"obs_1008",TRUE,"","soil","coordinate heuristic",""
"obs_1009",TRUE,"","soil","coordinate heuristic",""
"obs_1010",TRUE,"","soil","coordinate heuristic",""
"obs_1011",TRUE,"","soil","coordinate heuristic",""
"obs_1012",TRUE,"","soil","coordinate heuristic",""
"obs_1013",TRUE,"","soil","coordinate heuristic",""
"obs_1014",TRUE,"","soil","coordinate heuristic",""
"obs_1015",TRUE,"","soil","coordinate heuristic",""
"obs_1016",TRUE,"","soil","coordinate heuristic",""
"obs_1017",TRUE,"","soil","coordinate heuristic",""
"obs_1018",TRUE,"","soil","coordinate heuristic",""
"obs_1019",TRUE,"","soil","coordinate heuristic",""
"obs_1020",TRUE,"","soil","coordinate heuristic",""
"obs_1021",TRUE,"","soil","coordinate heuristic",""
"obs_1022",TRUE,"","soil","coordinate heuristic",""
"obs_1023",TRUE,"","soil","coordinate heuristic",""
"obs_1024",TRUE,"","soil","coordinate heuristic",""
"obs_1025",TRUE,"","soil","coordinate heuristic",""
"obs_1026",TRUE,"","soil","coordinate heuristic",""
"obs_1027",TRUE,"","soil","coordinate heuristic",""
"obs_1028",TRUE,"","soil","coordinate heuristic",""
"obs_1029",TRUE,"","marine sediment","coordinate heuristic",""
"obs_1030",TRUE,"","marine sediment","coordinate heuristic",""
"obs_1031",TRUE,"","marine sediment","coordinate heuristic",""
"obs_1032",TRUE,"","marine sediment","coordinate heuristic",""
"obs_1033",TRUE,"","marine sediment","coordinate heuristic",""
"obs_1034",TRUE,"","marine sediment","coordinate heuristic",""
"obs_1035",TRUE,"","marine sediment","coordinate heuristic",""
"obs_1036",TRUE,"","marine sediment","coordinate heuristic",""
"obs_1037",TRUE,"","marine sediment","coordinate heuristic",""
"obs_1038",TRUE,"","marine sediment","coordinate heuristic",""
"obs_1039",TRUE,"","marine sediment","coordinate heuristic",""
"obs_1040",TRUE,"","marine sediment","coordinate heuristic",""
"obs_1041",TRUE,"","marine sediment","coordinate heuristic",""
"obs_1042",TRUE,"","soil","coordinate heuristic",""
"obs_1043",TRUE,"","soil","coordinate heuristic",""
"obs_1044",TRUE,"","soil","coordinate heuristic",""
"obs_1045",TRUE,"","soil","coordinate heuristic",""
"obs_1046",TRUE,"","soil","coordinate heuristic",""
"obs_1047",TRUE,"","soil","coordinate heuristic",""
"obs_1048",TRUE,"","soil","coordinate heuristic",""
"obs_1049",TRUE,"","soil","coordinate heuristic",""
"obs_1050",TRUE,"","soil","coordinate heuristic",""
"obs_1051",TRUE,"","soil","coordinate heuristic",""
"obs_1052",TRUE,"","soil","coordinate heuristic",""
"obs_1053",TRUE,"","soil","coordinate heuristic",""
"obs_1054",TRUE,"","soil","coordinate heuristic",""
"obs_1055",TRUE,"","soil","coordinate heuristic",""
"obs_1056",TRUE,"","soil","coordinate heuristic",""
"obs_1057",TRUE,"","soil","coordinate heuristic",""
"obs_1058",TRUE,"","soil","coordinate heuristic",""
"obs_1059",TRUE,"","soil","coordinate heuristic",""
"obs_1060",TRUE,"","soil","coordinate heuristic",""
"obs_1061",TRUE,"","soil","coordinate heuristic",""
"obs_1062",TRUE,"","soil","coordinate heuristic",""
"obs_1063",TRUE,"","soil","coordinate heuristic",""
"obs_1064",TRUE,"","soil","coordinate heuristic",""
"obs_1065",TRUE,"","soil","coordinate heuristic",""
"obs_1066",TRUE,"","soil","coordinate heuristic",""
"obs_1067",TRUE,"","soil","coordinate heuristic",""
"obs_1068",TRUE,"","soil","coordinate heuristic",""
"obs_1069",TRUE,"","soil","coordinate heuristic",""
"obs_1070",TRUE,"","soil","coordinate heuristic",""
"obs_1071",TRUE,"","soil","coordinate heuristic",""
"obs_1072",TRUE,"","soil","coordinate heuristic",""
"obs_1073",TRUE,"","soil","coordinate heuristic",""
"obs_1074",TRUE,"","soil","coordinate heuristic",""
"obs_1075",TRUE,"","soil","coordinate heuristic",""
"obs_1076",TRUE,"","soil","coordinate heuristic",""
"obs_1077",TRUE,"","soil","coordinate heuristic",""
"obs_1078",TRUE,"","soil","coordinate heuristic",""
"obs_1079",TRUE,"","soil","coordinate heuristic",""
"obs_1080",TRUE,"","soil","coordinate heuristic",""
"obs_1081",TRUE,"","soil","coordinate heuristic",""
"obs_1082",TRUE,"","soil","coordinate heuristic",""
"obs_1083",TRUE,"","soil","coordinate heuristic",""
"obs_1084",TRUE,"","soil","coordinate heuristic",""
"obs_1085",TRUE,"","soil","coordinate heuristic",""
"obs_1086",TRUE,"","soil","coordinate heuristic",""
"obs_1087",TRUE,"","soil","coordinate heuristic",""
"obs_1088",TRUE,"","lake sediment","coordinate heuristic",""
"obs_1089",TRUE,"","lake sediment","coordinate heuristic",""
"obs_1090",TRUE,"","lake sediment","coordinate heuristic",""
"obs_1091",TRUE,"","soil","coordinate heuristic",""
"obs_1092",TRUE,"","soil","coordinate heuristic",""
"obs_1093",TRUE,"","soil","coordinate heuristic",""
"obs_1094",TRUE,"","soil","coordinate heuristic",""
"obs_1095",TRUE,"","soil","coordinate heuristic",""
"obs_1096",TRUE,"","soil","coordinate heuristic",""
"obs_1097",TRUE,"","soil","coordinate heuristic",""
"obs_1098",TRUE,"","soil","coordinate heuristic",""
"obs_1099",TRUE,"","soil","coordinate heuristic",""
"obs_1100",TRUE,"","soil","coordinate heuristic",""
"obs_1101",TRUE,"","soil","coordinate heuristic",""
"obs_1102",TRUE,"","soil","coordinate heuristic",""
"obs_1103",TRUE,"","soil","coordinate heuristic",""
"obs_1104",TRUE,"","soil","coordinate heuristic",""
"obs_1105",TRUE,"","soil","coordinate heuristic",""
"obs_1106",TRUE,"","soil","coordinate heuristic",""
"obs_1107",TRUE,"","soil","coordinate heuristic",""
"obs_1108",TRUE,"","soil","coordinate heuristic",""
"obs_1109",TRUE,"","soil","coordinate heuristic",""
"obs_1110",TRUE,"","fluvial sediment","source review",""
"obs_1111",TRUE,"","fluvial sediment","source review",""
"obs_1112",TRUE,"","fluvial sediment","source review",""
"obs_1113",TRUE,"","fluvial sediment","source review",""
"obs_1114",TRUE,"","fluvial sediment","source review",""
"obs_1115",TRUE,"","fluvial sediment","source review",""
"obs_1116",TRUE,"","fluvial sediment","source review",""
"obs_1117",TRUE,"","fluvial sediment","source review",""
"obs_1118",TRUE,"","fluvial sediment","source review",""
"obs_1119",TRUE,"","fluvial sediment","source review",""
"obs_1120",TRUE,"","fluvial sediment","source review",""
"obs_1121",TRUE,"","fluvial sediment","source review",""
"obs_1122",TRUE,"","fluvial sediment","source review",""
"obs_1123",TRUE,"","fluvial sediment","source review",""
"obs_1124",TRUE,"","fluvial sediment","source review",""
"obs_1125",TRUE,"","fluvial sediment","source review",""
"obs_1126",TRUE,"","fluvial sediment","source review",""
"obs_1127",TRUE,"","fluvial sediment","source review",""
"obs_1128",TRUE,"","fluvial sediment","source review",""
"obs_1129",TRUE,"","fluvial sediment","source review",""
"obs_1130",TRUE,"","fluvial sediment","source review",""
"obs_1131",TRUE,"","fluvial sediment","source review",""
"obs_1132",TRUE,"","fluvial sediment","source review",""
"obs_1133",TRUE,"","fluvial sediment","source review",""
"obs_1134",TRUE,"","fluvial sediment","source review",""
"obs_1135",TRUE,"","fluvial sediment","source review",""
"obs_1136",TRUE,"","fluvial sediment","source review",""
