source,compilation,location,latitude,longitude,elevation,d2H_precip,d2H_precip_err,d2H_precip_year,chain,d2H_wax,d2H_wax_err
Aichner et al 2010,McFarlin,SET 16 (Er Hai),25.92,100.12,1967,-73,2,2018,29,-172,1
Aichner et al 2010,McFarlin,Qai-07 (Xiao Qaidam),37.46,95.58,3174,-43,4,2018,29,-156,2
Aichner et al 2010,McFarlin,Qai-02 (Ga Hai),37.036,100.576,3205,-57,6,2018,29,-150,6
Aichner et al 2010,McFarlin,LC 05 (Cuo More),29.813,94.433,4050,-126,4,2018,29,-230,2
Aichner et al 2010,McFarlin,Donggi Cona,35.227,98.65,4095,-76,5,2018,29,-162,12
Aichner et al 2010,McFarlin,LC 06 (Cuo Ang),29.825,94.456,4132,-127,4,2018,29,-232,0
Aichner et al 2010,McFarlin,MiY 46,34.679,98.064,4233,-97,4,2018,29,-169,4
Aichner et al 2010,McFarlin,LC 10,29.654,96.716,4431,-122,7,2018,29,-193,2
Aichner et al 2010,McFarlin,Koucha,34.024,97.22,4541,-111,4,2018,29,-180,5
Aichner et al 2010,McFarlin,MiY 39,33.99,97.455,4581,-112,4,2018,29,-205,4
Aichner et al 2010,McFarlin,MiY 42,34.03,97.545,4617,-112,5,2018,29,-189,13
Aichner et al 2010,McFarlin,CTP 35,34.158,95.977,4701,-113,5,2018,29,-188,5
Aichner et al 2010,McFarlin,CTP 20,32.098,89.528,4724,-135,5,2018,29,-194,1
Aichner et al 2019,McFarlin,"Karakul, Tajikistan",39.018,73.233,3915,-126,5,2019,29,-161,3.3
"Bai et al., 2011",Liu,Mt Kunlun,36.63,80.75,1900,-49,,,29,-190,
"Bai et al., 2011",Liu,Mt Kunlun,36.23,81.67,2450,-57,,,29,-189,
"Bai et al., 2011",Liu,Mt Kunlun,36.22,81.23,2900,-64,,,29,-186,
"Bai et al., 2011",Liu,Mt Kunlun,36.22,81.22,3000,-65,,,29,-183,
"Bai et al., 2011",Liu,Mt Kunlun,36.2,81.2,3200,-68,,,29,-190,
"Bai et al., 2011",Liu,Mt Kunlun,36.65,77.12,3836,-76,,,29,-183,
"Bai et al., 2011",Liu,Mt Kunlun,36.55,77.13,4450,-85,,,29,-190,
"Bai et al., 2011",Liu,Mt Kunlun,36.55,77.08,4550,-86,,,29,-192,
"Bai et al., 2011",Liu,Mt Kunlun,36.55,77.05,4650,-88,,,29,-194,
"Bai et al., 2011",Liu,Mt Kunlun,36.58,77.01,4760,-89,,,29,-198,
"Bai et al., 2011",Liu,Mt Kunlun,36.57,77,4850,-91,,,29,-197,
"Bai et al., 2011",Liu,Mt Kunlun,36.57,77,4993,-93,,,29,-198,
"Bai et al., 2014",Liu,Mt Qilian,38.02,102.38,1755,-42,,,29,-159,
"Bai et al., 2014",Liu,Mt Qilian,38,102.35,1793,-42,,,29,-174,
"Bai et al., 2014",Liu,Mt Qilian,37.94,102.3,1924,-42,,,29,-155,
"Bai et al., 2014",Liu,Mt Qilian,37.92,102.22,2059,-46,,,29,-157,
"Bai et al., 2014",Liu,Mt Qilian,35.83,104.08,2060,-42,,,29,-215,
"Bai et al., 2014",Liu,Mt Qilian,37.89,102.17,2098,-46,,,29,-161,
"Bai et al., 2014",Liu,Mt Qilian,37.89,102.12,2143,-46,,,29,-169,
"Bai et al., 2014",Liu,Mt Qilian,37.88,102.07,2184,-46,,,29,-167,
"Bai et al., 2014",Liu,Mt Qilian,37.88,102.07,2184,-46,,,29,-164,
"Bai et al., 2014",Liu,Mt Qilian,35.78,104.04,2350,-46,,,29,-212,
"Bai et al., 2014",Liu,Mt Qilian,37.8,102,2363,-50,,,29,-147,
"Bai et al., 2014",Liu,Mt Qilian,37.75,101.95,2514,-53,,,29,-142,
"Bai et al., 2014",Liu,Mt Qilian,35.79,104,2550,-49,,,29,-206,
"Bai et al., 2014",Liu,Mt Qilian,37.73,101.93,2568,-53,,,29,-156,
"Bai et al., 2014",Liu,Mt Qilian,37.71,101.92,2637,-53,,,29,-160,
"Bai et al., 2014",Liu,Mt Qilian,37.62,101.9,2690,-53,,,29,-148,
"Bai et al., 2014",Liu,Mt Qilian,35.78,103.98,2720,-52,,,29,-241,
"Bai et al., 2014",Liu,Mt Qilian,37.69,101.88,2765,-54,,,29,-161,
"Bai et al., 2014",Liu,Mt Qilian,39.22,97.978,2779,-54,,,29,-166,
"Bai et al., 2014",Liu,Mt Qilian,37.66,101.86,2885,-54,,,29,-148,
"Bai et al., 2014",Liu,Mt Qilian,35.77,103.96,2960,-58,,,29,-199,
"Bai et al., 2014",Liu,Mt Qilian,37.65,101.86,2967,-55,,,29,-157,
"Bai et al., 2014",Liu,Mt Qilian,39.32,97.85,2970,-54,,,29,-162,
"Bai et al., 2014",Liu,Mt Qilian,37.64,101.85,3035,-60,,,29,-163,
"Bai et al., 2014",Liu,Mt Qilian,37.64,101.85,3058,-60,,,29,-176,
"Bai et al., 2014",Liu,Mt Qilian,35.77,103.95,3060,-58,,,29,-201,
"Bai et al., 2014",Liu,Mt Qilian,39.33,97.84,3076,-54,,,29,-162,
"Bai et al., 2014",Liu,Mt Qilian,35.47,103.57,3100,-58,,,29,-214,
"Bai et al., 2014",Liu,Mt Qilian,37.63,101.83,3168,-62,,,29,-166,
"Bai et al., 2014",Liu,Mt Qilian,39.14,98.13,3177,-54,,,29,-163,
"Bai et al., 2014",Liu,Mt Qilian,35.78,103.95,3200,-59,,,29,-217,
"Bai et al., 2014",Liu,Mt Qilian,39.34,97.79,3221,-54,,,29,-165,
"Bai et al., 2014",Liu,Mt Qilian,37.61,101.83,3250,-62,,,29,-171,
"Bai et al., 2014",Liu,Mt Qilian,35.78,103.95,3330,-62,,,29,-216,
"Bai et al., 2014",Liu,Mt Qilian,39.33,97.74,3420,-64,,,29,-158,
"Bai et al., 2014",Liu,Mt Qilian,35.77,103.95,3430,-62,,,29,-210,
"Bai et al., 2014",Liu,Mt Qilian,37.56,101.85,3495,-66,,,29,-181,
"Bai et al., 2014",Liu,Mt Qilian,39.31,97.72,3514,-64,,,29,-168,
"Bai et al., 2014",Liu,Mt Qilian,35.74,103.96,3590,-66,,,29,-235,
"Bai et al., 2014",Liu,Mt Qilian,35.73,103.98,3640,-66,,,29,-217,
"Bai et al., 2014",Liu,Mt Qilian,37.54,101.83,3727,-71,,,29,-170,
"Bai et al., 2014",Liu,Mt Qilian,39.34,97.79,3754,-64,,,29,-169,
"Bai et al., 2014",Liu,Mt Qilian,37.53,101.83,3790,-71,,,29,-163,
"Bai et al., 2014",Liu,Mt Qilian,37.53,101.83,3835,-71,,,29,-158,
"Bai et al., 2014",Liu,Mt Qilian,37.53,101.83,3869,-71,,,29,-163,
"Bai et al., 2014",Liu,Mt Qilian,39.33,97.74,3874,-64,,,29,-166,
"Bai et al., 2014",Liu,Mt Qilian,39.31,97.72,3945,-64,,,29,-161,
"Bai et al., 2014",Liu,Mt Qilian,39.34,97.79,4005,-64,,,29,-166,
"Bai et al., 2014",Liu,Mt Qilian,39.33,97.74,4040,-64,,,29,-168,
"Chikaraishi and Naraoka, 2006",Liu,Gunma Prefecture,36.47,138.87,70,-60,,,29,-166,
"Chikaraishi and Naraoka, 2006",Liu,Gunma Prefecture,36.47,138.87,70,-60,,,29,-168,
"Chikaraishi and Naraoka, 2006",Liu,Gunma Prefecture,36.47,138.87,70,-60,,,29,-167,
Daniels et al 2017,McFarlin,N1,68.64,-149.6,730,-149,6,2018,29,-255,
Daniels et al 2017,McFarlin,N2,68.64,-149.62,732,-149,6,2018,29,-253,
Daniels et al 2017,McFarlin,S6,68.63,-149.64,736,-150,6,2018,29,-261,
Daniels et al 2017,McFarlin,ISWAMP,68.61,-149.6,741,-150,6,2018,29,-273,
Daniels et al 2017,McFarlin,S7,68.63,-149.64,742,-150,6,2018,29,-261,
Daniels et al 2017,McFarlin,I7,68.6,-149.59,748,-150,6,2018,29,-269,
Daniels et al 2017,McFarlin,I8,68.61,-149.58,748,-150,6,2018,29,-260,
Daniels et al 2017,McFarlin,FOG4,68.68,-149.07,760,-151,6,2018,29,-264,
Daniels et al 2017,McFarlin,FOG1,68.68,-149.08,773,-151,6,2018,29,-257,
Daniels et al 2017,McFarlin,FOG2,68.68,-149.09,776,-151,6,2018,29,-259,
Daniels et al 2017,McFarlin,E1,68.63,-149.55,777,-150,6,2018,29,-259,
Daniels et al 2017,McFarlin,I3,68.58,-149.58,778,-151,6,2018,29,-265,
Daniels et al 2017,McFarlin,I4,68.58,-149.58,778,-151,6,2018,29,-264,
Daniels et al 2017,McFarlin,I5,68.59,-149.59,778,-151,6,2018,29,-268,
Daniels et al 2017,McFarlin,I1,68.57,-149.59,792.5,-151,6,2018,29,-260,
Daniels et al 2017,McFarlin,E6,68.64,-149.44,794,-151,6,2018,29,-266,
Daniels et al 2017,McFarlin,I6,68.6,-149.59,800,-151,6,2018,29,-265,
Daniels et al 2017,McFarlin,E5,68.64,-149.46,800,-151,7,2018,29,-261,
Daniels et al 2017,McFarlin,I6HW,68.58,-149.62,808,-151,6,2018,29,-263,
Douglas et al 2012,McFarlin,El Golfete,15.72,-88.89,0,-24,4,2018,29,-151.1,1
Douglas et al 2012,McFarlin,Izabal Rio Oscuro,15.38,-89.33,4,-25,4,2018,29,-154,1
Douglas et al 2012,McFarlin,Izabal Centro,15.52,-89.15,4,-24,4,2018,29,-165.2,
Douglas et al 2012,McFarlin,Dzitya,21.07,-89.69,5,-18,4,2018,29,-128.5,1
Douglas et al 2012,McFarlin,Yaalchak [e],20.6,-89.71,6,-20,7,2018,29,-142.9,1
Douglas et al 2012,McFarlin,Chichancanab,19.88,-88.77,10,-20,8,2018,29,-128.5,2
Douglas et al 2012,McFarlin,Ticul,20.35,-89.5,10,-20,8,2018,29,-143,1
Douglas et al 2012,McFarlin,Chumayel,20.49,-89.19,13,-18,6,2018,29,-110.7,1
Douglas et al 2012,McFarlin,Canana,20.49,-89.17,13,-18,5,2018,29,-137.7,1
Douglas et al 2012,McFarlin,Xoche [e],20.66,-89.37,16,-18,5,2018,29,-153,1
Douglas et al 2012,McFarlin,Hobonil,20,-89.03,44,-21,8,2018,29,-126.5,1
Douglas et al 2012,McFarlin,Cepeda Peraza,20.16,-89.24,50,-21,8,2018,29,-136.7,1
Douglas et al 2012,McFarlin,La Barca,15.12,-87.94,56,-24,4,2018,29,-155.3,1
Douglas et al 2012,McFarlin,Puente Cienega,15.74,-89.07,75,-25,4,2018,29,-155,2
Douglas et al 2012,McFarlin,Naco,15.41,-88.14,97,-25,4,2018,29,-148.3,1
Douglas et al 2012,McFarlin,Salpeten,16.98,-89.68,105,-25,7,2018,29,-144,1
Douglas et al 2012,McFarlin,Peten Itza,16.93,-89.89,109,-25,7,2018,29,-159.5,4
Douglas et al 2012,McFarlin,Cuerpo Uno [e],17.49,-90.39,115,-26,8,2018,29,-147.9,1
Douglas et al 2012,McFarlin,Sacpuy,16.99,-90.05,123,-26,7,2018,29,-144.2,1
Douglas et al 2012,McFarlin,Yaxha,17.07,-89.41,130,-25,7,2018,29,-142.9,3
Douglas et al 2012,McFarlin,Quexil,16.92,-89.82,133,-26,6,2018,29,-141.7,1
Douglas et al 2012,McFarlin,La Corona [e],17.52,-90.37,151,-26,8,2018,29,-148,1
Douglas et al 2012,McFarlin,El Juleque,16.91,-89.77,158,-26,6,2018,29,-137.6,1
Douglas et al 2012,McFarlin,Macanche,16.97,-89.64,169,-26,7,2018,29,-139.2,3
Douglas et al 2012,McFarlin,La Entrada,15.1,-88.71,426,-31,2,2018,29,-147.9,2
Douglas et al 2012,McFarlin,Taulabe,14.71,-87.97,557,-32,2,2018,29,-152.7,2
Douglas et al 2012,McFarlin,Comayagua,14.45,-87.65,563,-32,2,2018,29,-166.8,1
Douglas et al 2012,McFarlin,Copan,14.84,-89.15,613,-34,1,2018,29,-156.4,1
Douglas et al 2012,McFarlin,Pena Blanca,14.94,-88.03,655,-33,1,2018,29,-160,1
Douglas et al 2012,McFarlin,Rio Blanco,14.89,-89.03,707,-36,1,2018,29,-160.5,1
Douglas et al 2012,McFarlin,Rio Jalan,14.45,-86.81,765,-33,2,2018,29,-157.9,2
Douglas et al 2012,McFarlin,Gaungolo,14.26,-87.24,829,-35,1,2018,29,-165.8,1
Douglas et al 2012,McFarlin,Rio Rosario,14.48,-86.98,891,-36,2,2018,29,-153.7,2
Douglas et al 2012,McFarlin,El Chile,14.35,-86.85,1380,-43,4,2018,29,-158.1,4
Douglas et al 2012,McFarlin,Santa Lucia,14.12,-87.09,1405,-43,3,2018,29,-135.1,1
Duan et al 2011,McFarlin,Lake Qinghai,37,100,3193,-53,5,2018,29,-157,8.8
"Feng et al., 2019",Ladd,JS13,26.4786,100.4194,1246,-73.08368901,,,29,-202,
"Feng et al., 2019",Ladd,JS12,26.5017,100.4082,1309,-73.94167809,,,29,-169,
"Feng et al., 2019",Ladd,JS8,26.487,100.371,1701,-75.34407937,,,29,-204,
"Feng et al., 2019",Ladd,JS7,26.489,100.353,1794,-76.81151062,,,29,-177,
"Feng et al., 2019",Ladd,JS6,26.486,100.348,1906,-77.04747416,,,29,-166,
"Feng et al., 2019",Ladd,JS5,26.485,100.345,2000,-77.21626809,,,29,-177,
"Feng et al., 2019",Ladd,JS4,26.489,100.346,2092,-77.36349671,,,29,-185,
"Feng et al., 2019",Ladd,JS3,26.485,100.338,2190,-77.73325233,,,29,-197,
"Feng et al., 2019",Ladd,JH1,26.54,99.958,2263,-82.67067436,,,29,-205,
"Feng et al., 2019",Ladd,JS2,26.487,100.323,2290,-79.00912049,,,29,-203,
"Feng et al., 2019",Ladd,LJ1,26.63,99.915,2305,-83.51214892,,,29,-197,
"Feng et al., 2019",Ladd,JH2,26.549,99.961,2319,-82.88445762,,,29,-198,
"Feng et al., 2019",Ladd,JS1,26.494,100.312,2386,-80.53343762,,,29,-204,
"Feng et al., 2019",Ladd,LJ2,26.639,99.879,2400,-84.87555156,,,29,-211,
"Feng et al., 2019",Ladd,JH3,26.555,99.968,2412,-83.49885263,,,29,-210,
"Feng et al., 2019",Ladd,JH4,26.56,99.975,2505,-84.09134305,,,29,-210,
"Feng et al., 2019",Ladd,LJ3,26.64,99.85,2509,-86.49041781,,,29,-214,
"Feng et al., 2019",Ladd,JH5,26.558,99.982,2600,-84.75390737,,,29,-206,
"Feng et al., 2019",Ladd,LJ4,26.635,99.836,2615,-87.32545894,,,29,-214,
"Feng et al., 2019",Ladd,JH6,26.54,99.992,2701,-86.00246992,,,29,-209,
"Feng et al., 2019",Ladd,LJ6,26.643,99.821,2800,-88.10394643,,,29,-213,
"Feng et al., 2019",Ladd,JH8,26.547,100,2901,-86.63155468,,,29,-221,
"Feng et al., 2019",Ladd,JH9,26.537,100.003,3007,-87.17789898,,,29,-218,
"Feng et al., 2019",Ladd,LJ8,26.654,99.805,3011,-88.48044349,,,29,-216,
"Feng et al., 2019",Ladd,LJ9,26.658,99.794,3125,-88.68375622,,,29,-207,
"Feng et al., 2019",Ladd,LJ10,26.659,99.788,3224,-89.07249616,,,29,-242,
"Feng et al., 2019",Ladd,LJ11,26.658,99.783,3303,-89.65413298,,,29,-237,
"Feng et al., 2019",Ladd,LJ12,26.655,99.779,3403,-90.27554597,,,29,-239,
"Feng et al., 2019",Ladd,LJ13,26.648,99.776,3504,-91.08674407,,,29,-226,
"Feng et al., 2019",Ladd,LJ14,26.637,99.752,3608,-94.63215983,,,29,-242,
"Feng et al., 2019",Ladd,LJ15,26.648,99.74,3789,-95.01479408,,,29,-242,
"Feng et al., 2019",Ladd,TCS2017,26.631,99.718,3886,-99.17123059,,,29,-220,
"Feng et al., 2019",Ladd,LJ17,26.628,99.722,3918,-98.99984446,,,29,-217,
Freimuth et al 2019a,McFarlin,BLB,40.68,-82.06,291,-50,2,2019,29,-176,3
Freimuth et al 2019b,McFarlin,Sucker,44.18,-75.12,426,-74,1,2019,29,-197,
Freimuth et al 2019b,McFarlin,Chazy,44.73,-73.82,466,-76,1,2019,29,-188,
Freimuth et al 2019b,McFarlin,Raquette,44.23,-74.47,470,-74,1,2019,29,-186,
Freimuth et al 2019b,McFarlin,Moose,44.37,-74.06,475,-74,1,2019,29,-190,
Freimuth et al 2019b,McFarlin,Debar,44.62,-74.19,483,-76,1,2019,29,-196,
Freimuth et al 2019b,McFarlin,East Pine,44.34,-74.41,513,-75,1,2019,29,-193,
Freimuth et al 2019b,McFarlin,Little Green,44.36,-74.3,521,-75,1,2019,29,-190,
Freimuth et al 2019b,McFarlin,Hope,44.51,-74.13,523,-76,1,2019,29,-190,
Freimuth et al 2019b,McFarlin,Horseshoe,44.14,-74.62,524,-74,1,2019,29,-188,
Freimuth et al 2019b,McFarlin,Quiver,43.74,-74.87,539,-72,1,2019,29,-179,
Freimuth et al 2019b,McFarlin,Wolf,44.02,-74.22,558,-73,1,2019,29,-179,
Freimuth et al 2019b,McFarlin,Heart,44.18,-73.97,665,-75,1,2019,29,-186,
Garcin et al 2012,McFarlin,OSSA,3.77,10,17,-14,1,2018,29,-147,4
Garcin et al 2012,McFarlin,DEBU,4.1,8.98,70,-14,0,2018,29,-153,5
Garcin et al 2012,McFarlin,BARO,4.65,9.41,304,-17,3,2018,29,-164,1
Garcin et al 2012,McFarlin,MAMG,8.39,13.71,322,-22,10,2018,29,-156,8
Garcin et al 2012,McFarlin,MORA,11.05,14.15,438,-23,3,2018,29,-170,3
Garcin et al 2012,McFarlin,ASSO,6.62,12.98,896,-22,8,2018,29,-154,3
Garcin et al 2012,McFarlin,RHUM,10.51,13.58,1028,-33,5,2018,29,-167,3
Garcin et al 2012,McFarlin,TIZO,7.25,13.58,1155,-27,4,2018,29,-155,1
Garcin et al 2012,McFarlin,TABE,7.13,13.69,1161,-26,5,2018,29,-167,1
Garcin et al 2012,McFarlin,BALE,5.55,10.42,1376,-32,9,2018,29,-150,1
Garcin et al 2012,McFarlin,MANE,5.04,9.83,1911,-41,10,2018,29,-185,4
"Garcin et al., 2012",Ladd,MANE,5.03,9.83,1911,-36.60037978,,,29,-184.83,
"Goldsmith et al., 2019",Ladd,Beit Dagan,31.96735,34.90578,50,-19.49291137,,,29,-143,
"Goldsmith et al., 2019",Ladd,Haifa,32.79204,34.97167,102,-21.18987319,,,29,-140,
"Goldsmith et al., 2019",Ladd,Michmanim,32.88376,35.38066,157,-25.0968886,,,29,-157,
"Goldsmith et al., 2019",Ladd,Alon,31.80058,35.33009,290,-22.32261622,,,29,-142,
"Goldsmith et al., 2019",Ladd,Beer Sheva,31.24406,34.89974,353,-21.50985936,,,29,-142,
"Goldsmith et al., 2019",Ladd,Soreq,31.75327,35.02987,400,-24.80081936,,,29,-149,
"Goldsmith et al., 2019",Ladd,Arad,31.23727,35.21481,558,-22.58181337,,,29,-146,
"Goldsmith et al., 2019",Ladd,Peki'in,32.98272,35.3158,650,-30.15367082,,,29,-145,
"Goldsmith et al., 2019",Ladd,Jerusalem,31.7857,35.17076,815,-28.82531605,,,29,-142,
"Goldsmith et al., 2019",Ladd,Mitzpe ramon,30.6199,34.7867,828,-24.95636271,,,29,-116,
"Goldsmith et al., 2019",Ladd,Har Canaan,33.02356,35.49748,858,-29.10968503,,,29,-151,
"Goldsmith et al., 2019",Ladd,Hermon,33.27398,35.75821,1337,-42.711369,,,29,-155,
Guenther et al 2013,McFarlin,TRC,30.75,86.38,4549,-112,6,2018,29,-211.2,8.8
Guenther et al 2013,McFarlin,TC,31.05,83.92,4570,-103,3,2018,29,-219.1,6.6
Guenther et al 2013,McFarlin,NC,30.5,90.6,4718,-139,4,2018,29,-221.4,12.7
Guenther et al 2013,McFarlin,KYC,30.6,82.05,4798,-109,10,2018,29,-238.7,9.7
Guenther et al 2013,McFarlin,LMC,34.58,80.35,5030,-97,19,2018,29,-209.2,4.6
Guenther et al 2013,McFarlin,SXC,34.58,80.2,5070,-98,19,2018,29,-196.5,10.8
"Herrmann et al., 2017",Liu,YRZ,-33.51,20.35,,-23,,,29,-110,
"Herrmann et al., 2017",Liu,WRZ,-32.87,18.39,,-15,,,29,-131,
"Herrmann et al., 2017",Liu,WRZ,-32.86,18.53,,-17,,,29,-130,
"Herrmann et al., 2017",Liu,WRZ,-32.86,18.53,,-18,,,29,-132,
"Herrmann et al., 2017",Liu,WRZ,-32.79,19.22,,-18,,,29,-137,
"Herrmann et al., 2017",Liu,WRZ,-32.79,19.22,,-18,,,29,-121,
"Herrmann et al., 2017",Liu,WRZ,-32.72,18.25,,-13,,,29,-131,
"Herrmann et al., 2017",Liu,WRZ,-32.72,18.25,,-13,,,29,-146,
"Herrmann et al., 2017",Liu,YRZ,-32.33,20.34,,-25,,,29,-103,
"Herrmann et al., 2017",Liu,WRZ,-32.3,19.14,,-22,,,29,-141,
"Herrmann et al., 2017",Liu,WRZ,-32.22,18.22,,-14,,,29,-138,
"Herrmann et al., 2017",Liu,WRZ,-32.22,18.22,,-13,,,29,-141,
"Herrmann et al., 2017",Liu,YRZ,-32.21,20.39,,-26,,,29,-123,
"Herrmann et al., 2017",Liu,YRZ,-32.21,20.39,,-26,,,29,-136,
"Herrmann et al., 2017",Liu,WRZ,-32.18,18.24,,-12,,,29,-130,
"Herrmann et al., 2017",Liu,WRZ,-32.13,18.6,,-20,,,29,-134,
"Herrmann et al., 2017",Liu,WRZ,-32.13,18.6,,-20,,,29,-126,
"Herrmann et al., 2017",Liu,WRZ,-32.13,19.05,,-20,,,29,-132,
"Herrmann et al., 2017",Liu,WRZ,-31.56,19.89,,-16,,,29,-124,
"Herrmann et al., 2017",Liu,WRZ,-31.34,18.32,,-11,,,29,-124,
"Herrmann et al., 2017",Liu,WRZ,-31.34,18.32,,-11,,,29,-119,
"Herrmann et al., 2017",Liu,WRZ,-31.28,19.5,,-20,,,29,-131,
"Herrmann et al., 2017",Liu,WRZ,-31.26,18.36,,-10,,,29,-112,
"Herrmann et al., 2017",Liu,WRZ,-31.26,18.42,,-11,,,29,-108,
"Herrmann et al., 2017",Liu,WRZ,-31.23,19.17,,-17,,,29,-113,
"Herrmann et al., 2017",Liu,WRZ,-31.23,19.17,,-16,,,29,-104,
"Herrmann et al., 2017",Liu,WRZ,-31.18,20.9,,-19,,,29,-117,
"Herrmann et al., 2017",Liu,WRZ,-31.18,20.9,,-19,,,29,-107,
"Herrmann et al., 2017",Liu,WRZ,-31.08,18.15,,-12,,,29,-114,
"Herrmann et al., 2017",Liu,WRZ,-30.5,19.46,,-13,,,29,-114,
"Herrmann et al., 2017",Liu,WRZ,-30.46,18.29,,-15,,,29,-109,
"Herrmann et al., 2017",Liu,WRZ,-30.46,18.29,,-15,,,29,-142,
"Herrmann et al., 2017",Liu,YRZ,-30.4,20.24,,-26,,,29,-114,
"Herrmann et al., 2017",Liu,WRZ,-30.26,18.46,,-15,,,29,-95,
"Herrmann et al., 2017",Liu,WRZ,-30.24,18.46,,-16,,,29,-82,
"Herrmann et al., 2017",Liu,SRZ,-29.87,26.4,,-31,,,29,-112,
"Herrmann et al., 2017",Liu,SRZ,-29.8,25.33,,-33,,,29,-127,
"Herrmann et al., 2017",Liu,SRZ,-29.62,23.44,,-26,,,29,-117,
"Herrmann et al., 2017",Liu,SRZ,-29.57,22.2,,-24,,,29,-101,
"Herrmann et al., 2017",Liu,SRZ,-29.46,20.47,,-24,,,29,-75,
"Herrmann et al., 2017",Liu,SRZ,-29.46,20.47,,-24,,,29,-116,
"Herrmann et al., 2017",Liu,SRZ,-29.4,22.55,,-28,,,29,-88,
"Herrmann et al., 2017",Liu,YRZ,-29.31,19.26,,-27,,,29,-95,
"Herrmann et al., 2017",Liu,SRZ,-29.29,22.45,,-27,,,29,-104,
"Herrmann et al., 2017",Liu,SRZ,-29.23,21.7,,-23,,,29,-111,
"Herrmann et al., 2017",Liu,SRZ,-29.22,23.2,,-27,,,29,-113,
"Herrmann et al., 2017",Liu,SRZ,-29.22,23.2,,-27,,,29,-111,
"Herrmann et al., 2017",Liu,SRZ,-28.58,25.3,,-29,,,29,-111,
"Herrmann et al., 2017",Liu,YRZ,-28.57,19.23,,-25,,,29,-110,
"Herrmann et al., 2017",Liu,SRZ,-28.57,27.5,,-32,,,29,-117,
"Herrmann et al., 2017",Liu,SRZ,-28.56,24.13,,-24,,,29,-116,
"Herrmann et al., 2017",Liu,SRZ,-28.5,26.36,,-30,,,29,-126,
"Herrmann et al., 2017",Liu,SRZ,-28.5,26.36,,-30,,,29,-133,
"Herrmann et al., 2017",Liu,SRZ,-28.45,24.42,,-26,,,29,-109,
"Herrmann et al., 2017",Liu,SRZ,-28.45,24.42,,-25,,,29,-119,
"Herrmann et al., 2017",Liu,SRZ,-28.44,22.31,,-30,,,29,-112,
"Herrmann et al., 2017",Liu,SRZ,-28.38,22.15,,-29,,,29,-103,
"Herrmann et al., 2017",Liu,SRZ,-27.55,28.23,,-30,,,29,-148,
"Herrmann et al., 2017",Liu,SRZ,-27.55,28.23,,-29,,,29,-151,
"Herrmann et al., 2017",Liu,SRZ,-27.55,28.23,,-29,,,29,-134,
"Herrmann et al., 2017",Liu,SRZ,-27.25,28.3,,-26,,,29,-149,
"Herrmann et al., 2017",Liu,SRZ,-27.05,28.35,,-25,,,29,-128,
"Huang et al., 2016",Liu,Yichun,68.52,129.53,272,-88,,,29,-209,
"Huang et al., 2016",Liu,Hani,42.22,126.52,902,-77,,,29,-222,
"Huang et al., 2016",Liu,Tiandouyang,25.9,117.47,1196,-55,,,29,-192,
"Huang et al., 2016",Liu,Wangdongyang,27.67,119.63,1398,-59,,,29,-203,
"Huang et al., 2016",Liu,Shiwangutian,26.08,110.37,1688,-62,,,29,-208,
"Huang et al., 2016",Liu,Dajiuhu,31.47,110,1700,-64,,,29,-204,
"Huang et al., 2016",Liu,Zoige,33.82,102.73,3500,-87,,,29,-204,
"Jaeschke et al., 2018",Ladd,VI-Cropland,7.593,36.8544,1769,6.281825171,,,29,-131,
"Jaeschke et al., 2018",Ladd,VI-Forest,7.593,36.8544,1769,6.281825171,,,29,-134,
"Jaeschke et al., 2018",Ladd,VI-Grassland,7.593,36.8544,1769,6.281825171,,,29,-133,
"Jaeschke et al., 2018",Ladd,IV-Cropland,7.4782,36.8814,2099,0.672390959,,,29,-127,
"Jaeschke et al., 2018",Ladd,IV-Forest,7.4782,36.8814,2099,0.672390959,,,29,-132,
"Jaeschke et al., 2018",Ladd,IV-Grassland,7.4782,36.8814,2099,0.672390959,,,29,-130,
"Jaeschke et al., 2018",Ladd,V-Grassland,7.5176,36.8758,2109,3.473166985,,,29,-125,
"Jaeschke et al., 2018",Ladd,V-Forest,7.5176,36.8758,2109,3.473166985,,,29,-134,
"Jaeschke et al., 2018",Ladd,V-Cropland,7.5176,36.8758,2109,3.473166985,,,29,-128,
"Jaeschke et al., 2018",Ladd,III-Forest,7.4609,36.8687,2402,-1.199190527,,,29,-132,
"Jaeschke et al., 2018",Ladd,III-Cropland,7.4609,36.8687,2402,-1.199190527,,,29,-130,
"Jaeschke et al., 2018",Ladd,III-Grassland,7.4609,36.8687,2402,-1.199190527,,,29,-129,
"Jaeschke et al., 2018",Ladd,II-Forest,7.4527,36.8704,2545,-1.059381222,,,29,-140,
"Jaeschke et al., 2018",Ladd,II-Cropland,7.4527,36.8704,2545,-1.059381222,,,29,-133,
"Jaeschke et al., 2018",Ladd,II-Grassland,7.4527,36.8704,2545,-1.059381222,,,29,-135,
"Jaeschke et al., 2018",Ladd,I-Forest,7.4452,36.8768,2650,-0.422700005,,,29,-130,
"Jaeschke et al., 2018",Ladd,I-Grassland,7.4452,36.8768,2650,-0.422700005,,,29,-129,
"Jaeschke et al., 2018",Ladd,I-Cropland,7.4452,36.8768,2650,-0.422700005,,,29,-131,
"Jia et al., 2008",Liu,Mt Gongga,30,102,1180,-56,,,29,-178,
"Jia et al., 2008",Liu,Mt Gongga,30,102,1220,-57,,,29,-195,
"Jia et al., 2008",Liu,Mt Gongga,30,102,1320,-58,,,29,-180,
"Jia et al., 2008",Liu,Mt Gongga,30,102,1375,-59,,,29,-169,
"Jia et al., 2008",Liu,Mt Gongga,30,102,1440,-60,,,29,-195,
"Jia et al., 2008",Liu,Mt Gongga,30,102,1470,-60,,,29,-184,
"Jia et al., 2008",Liu,Mt Gongga,30,102,1515,-60,,,29,-178,
"Jia et al., 2008",Liu,Mt Gongga,30,102,1550,-61,,,29,-183,
"Jia et al., 2008",Liu,Mt Gongga,30,102,1610,-62,,,29,-192,
"Jia et al., 2008",Liu,Mt Gongga,30,102,1645,-62,,,29,-181,
"Jia et al., 2008",Liu,Mt Gongga,30,102,1700,-63,,,29,-193,
"Jia et al., 2008",Liu,Mt Gongga,30,102,1740,-63,,,29,-178,
"Jia et al., 2008",Liu,Mt Gongga,30,102,1800,-64,,,29,-202,
"Jia et al., 2008",Liu,Mt Gongga,30,102,1850,-65,,,29,-195,
"Jia et al., 2008",Liu,Mt Gongga,30,102,1915,-66,,,29,-188,
"Jia et al., 2008",Liu,Mt Gongga,30,102,1973,-66,,,29,-201,
"Jia et al., 2008",Liu,Mt Gongga,30,102,2005,-67,,,29,-199,
"Jia et al., 2008",Liu,Mt Gongga,30,102,2085,-68,,,29,-206,
"Jia et al., 2008",Liu,Mt Gongga,30,102,2115,-68,,,29,-185,
"Jia et al., 2008",Liu,Mt Gongga,30,102,2160,-69,,,29,-214,
"Jia et al., 2008",Liu,Mt Gongga,30,102,2220,-70,,,29,-203,
"Jia et al., 2008",Liu,Mt Gongga,30,102,2300,-71,,,29,-195,
"Jia et al., 2008",Liu,Mt Gongga,30,102,2350,-72,,,29,-189,
"Jia et al., 2008",Liu,Mt Gongga,30,102,2420,-73,,,29,-197,
"Jia et al., 2008",Liu,Mt Gongga,30,102,2540,-75,,,29,-200,
"Jia et al., 2008",Liu,Mt Gongga,30,102,2540,-75,,,29,-200,
"Jia et al., 2008",Liu,Mt Gongga,30,102,2620,-76,,,29,-199,
"Jia et al., 2008",Liu,Mt Gongga,30,102,2620,-76,,,29,-199,
"Jia et al., 2008",Liu,Mt Gongga,30,102,2742,-78,,,29,-206,
"Jia et al., 2008",Liu,Mt Gongga,30,102,2742,-78,,,29,-206,
"Jia et al., 2008",Liu,Mt Gongga,30,102,2764,-78,,,29,-207,
"Jia et al., 2008",Liu,Mt Gongga,30,102,2808,-79,,,29,-193,
"Jia et al., 2008",Liu,Mt Gongga,30,102,2846,-79,,,29,-196,
"Jia et al., 2008",Liu,Mt Gongga,30,102,2920,-81,,,29,-197,
"Jia et al., 2008",Liu,Mt Gongga,30,102,2960,-81,,,29,-198,
"Jia et al., 2008",Liu,Mt Gongga,30,102,3015,-82,,,29,-196,
"Jia et al., 2008",Liu,Mt Gongga,30,102,3049,-83,,,29,-207,
"Jia et al., 2008",Liu,Mt Gongga,30,102,3065,-83,,,29,-207,
"Jia et al., 2008",Liu,Mt Gongga,30,102,3119,-84,,,29,-207,
"Jia et al., 2008",Liu,Mt Gongga,30,102,3145,-85,,,29,-195,
"Jia et al., 2008",Liu,Mt Gongga,30,102,3188,-85,,,29,-220,
"Jia et al., 2008",Liu,Mt Gongga,30,102,3209,-86,,,29,-200,
"Jia et al., 2008",Liu,Mt Gongga,30,102,3518,-92,,,29,-224,
"Jia et al., 2008",Liu,Mt Gongga,30,102,3596,-93,,,29,-219,
"Jia et al., 2008",Liu,Mt Gongga,30,102,3676,-95,,,29,-241,
"Jia et al., 2008",Liu,Mt Gongga,30,102,3767,-97,,,29,-237,
"Jia et al., 2008",Liu,Mt Gongga,30,102,3819,-98,,,29,-240,
"Krull et al., 2006",Liu,Queensland,-23.22,143.95,191,-23,,,29,,
"Krull et al., 2006",Liu,Queensland,-23.22,143.95,191,-23,,,29,-88,
"Krull et al., 2006",Liu,Queensland,-23.22,143.95,191,-23,,,29,,
"Ladd et al., SPCZ in prep",Ladd,"Lake Hut, Grande Terre, New Caledonia",-22.2609,166.9526,,-17.27508758,,,29,-160.9349123,
"Ladd et al., SPCZ in prep",Ladd,"Emaotul Lake, Efate, Vanuatu",-17.7342,168.4151,,,,,29,-152.1114336,
"Ladd et al., SPCZ in prep",Ladd,"Otas Lake, Efate, Vanuatu",-17.6945,168.585,,,,,29,-153.905817,
"Ladd et al., SPCZ in prep",Ladd,"Lake Dranoniveilomo, Vanua Balavu, Fiji",-17.1976,-178.9559,,,,,29,-150.7738408,
"Ladd et al., SPCZ in prep",Ladd,"Rimatu'u Pond, Tetiaroa, French Polynesia",-17.0249,-149.5583,,,,,29,-177.1739601,
"Ladd et al., SPCZ in prep",Ladd,"Onetahi Pond, Tetiaroa, French Polynesia",-17.0207,-149.5919,,,,,29,-138.5723108,
"Ladd et al., SPCZ in prep",Ladd,"Oroatera Pond, Tetiaroa, French Polynesia",-16.9958,-149.5409,,,,,29,-173.4873843,
"Ladd et al., SPCZ in prep",Ladd,"Lake Tagamaucia, Teveuni, Fiji",-16.8163,-179.9399,,-27.55525576,,,29,-170.0839323,
"Ladd et al., SPCZ in prep",Ladd,"Nopovois Pond, Espiritu Santo, Vanuatu",-15.497,166.7357,,-22.99123572,,,29,-154,
"Ladd et al., SPCZ in prep",Ladd,"Vesalea Pond, Espiritu Santo, Vanuatu",-15.1589,166.6549,,-22.50132045,,,29,-157,
"Ladd et al., SPCZ in prep",Ladd,"White Lake, Thion, Vanuatu",-15.041,167.0892,,-21.3855943,,,29,-173.9224813,
"Ladd et al., SPCZ in prep",Ladd,"Lake Lanoto'o, Upolu, Samoa",-13.9109,-171.8274,,,,,29,-159.1378214,
"Ladd et al., SPCZ in prep",Ladd,"Lake Tavara, Tetepare, Solomon Islands",-8.7029,157.4503,,,,,29,-162.4586096,
"Ladd, Maloney et al (UW)",Ladd,PoSap,6.88,158.3,0,-34.48175753,,,29,-150,
"Ladd, Maloney et al (UW)",Ladd,ChuTol,7.35,151.604,0,,,,29,-153,
"Ladd, Maloney et al (UW)",Ladd,YapGal,9.49,138.088,0,,,,29,-151,
"Ladd, Maloney et al (UW)",Ladd,GuSasa,13.44,144.683,0,-29.34673356,,,29,-145,
Leider et al 2013,McFarlin,Lago Aimini Grande,40.2,18.45,0,-36,2,2018,29,-159,2.6
Leider et al 2013,McFarlin,Lago di Bomba,42.01,14.36,269,-38,1,2018,29,-156,3.9
Leider et al 2013,McFarlin,Lago di Monticchio,40.93,15.6,659,-48,1,2018,29,-170,0.7
"Leider et al., 2013",Liu,Porto Cesareo,40.24,17.91,0,-33,,,29,-134,
"Leider et al., 2013",Liu,Cervaro river,41.57,15.89,0,-35,,,29,-175,
"Leider et al., 2013",Liu,Manfredonia Lido,41.62,15.9,0,-35,,,29,-159,
"Leider et al., 2013",Liu,Potenza river,43.42,13.65,0,-39,,,29,-164,
"Leider et al., 2013",Liu,Po di Goro,44.84,12.34,0,-43,,,29,-182,
"Leider et al., 2013",Liu,Po della Donzella,44.84,12.38,0,-43,,,29,-170,
"Leider et al., 2013",Liu,Reno river,44.55,12.14,2,-42,,,29,-172,
"Leider et al., 2013",Liu,Vomano river,42.65,13.99,15,-38,,,29,-152,
"Leider et al., 2013",Liu,Foflia river,43.87,12.81,25,-41,,,29,-167,
"Li et al., 2019",Ladd,S10,26.81,112.58,80,-32.65942573,,,29,-169.017,
"Li et al., 2019",Ladd,S6,24.6,113.65,137,-45.91662253,,,29,-170.322,
"Li et al., 2019",Ladd,S5,24.28,113.55,164,-47.08838428,,,29,-168.956,
"Li et al., 2019",Ladd,S11,27.11,112.1,165,-34.89353581,,,29,-164.676,
"Li et al., 2019",Ladd,S8,25.29,112.99,186,-42.33824987,,,29,-170.322,
"Li et al., 2019",Ladd,S1,22.57,114.23,197,-43.19637707,,,29,-173.54,
"Li et al., 2019",Ladd,XY,34.94,113.38,222,-52.57658507,,,29,-169.1,
"Li et al., 2019",Ladd,S9,25.64,113.04,280,-43.63132719,,,29,-170.62,
"Li et al., 2019",Ladd,S7,25.1,113.52,302,-45.1583678,,,29,-170.628,
"Li et al., 2019",Ladd,JYX,35.05,112.46,367,-54.63813107,,,29,-170.4,
"Li et al., 2019",Ladd,S3,23.3,113.46,451,-43.93505445,,,29,-169.91,
"Li et al., 2019",Ladd,XF,35.84,111.44,455,-57.08910904,,,29,-175.3,
"Li et al., 2019",Ladd,S4,23.63,113.87,531,-51.0302718,,,29,-170.991,
"Li et al., 2019",Ladd,X'A,34.3,108.61,588,-52.01051603,,,29,-172.9,
"Li et al., 2019",Ladd,S2,23.27,114.03,600,-45.72623261,,,29,-179.348,
"Li et al., 2019",Ladd,N02,35.89485,108.97625,622,-65.70227258,,,29,-170.776,
"Li et al., 2019",Ladd,SE01,27.88,117.74,749,-62.07799197,,,29,-191.955,
"Li et al., 2019",Ladd,HLS,36,110.15,897,-65.07269539,,,29,-195.7,
"Li et al., 2019",Ladd,S13,31.3,110.38,900,-64.53586429,,,29,-174.048,
"Li et al., 2019",Ladd,CZ,36.2,113.28,1028,-66.86627971,,,29,-170.6,
"Li et al., 2019",Ladd,SEQ,40.59,110.44,1068,-55.78645038,,,29,-163.2,
"Li et al., 2019",Ladd,N03,36.57676667,109.4143667,1077,-63.75345383,,,29,-173.863,
"Li et al., 2019",Ladd,DK,40.8,107.5,1078,-51.08561927,,,29,-148.5,
"Li et al., 2019",Ladd,N01,35.87908333,109.4126667,1106,-63.78562589,,,29,-191.199,
"Li et al., 2019",Ladd,N05,38.37526667,109.69765,1117,-57.57441247,,,29,-162.4,
"Li et al., 2019",Ladd,ALS,40.3,107.6,1142,-51.18082291,,,29,-160.1,
"Li et al., 2019",Ladd,ZWL,36.09,107.6,1148,-66.48662756,,,29,-160,
"Li et al., 2019",Ladd,N07,39.27311667,106.7305333,1160,-47.65770088,,,29,-149.355,
"Li et al., 2019",Ladd,ALSM2,39.4,105.69,1174,-44.47562552,,,29,-152,
"Li et al., 2019",Ladd,TC,35.21,109,1222,-67.27110532,,,29,-176.7,
"Li et al., 2019",Ladd,YA,36.37,109.56,1245,-67.27678925,,,29,-166,
"Li et al., 2019",Ladd,FX,35.96,109.73,1270,-68.38883632,,,29,-161.3,
"Li et al., 2019",Ladd,QY,36.08,107.82,1285,-65.30353845,,,29,-178.8,
"Li et al., 2019",Ladd,SE02,27.83,117.73,1337,-62.11388593,,,29,-205.621,
"Li et al., 2019",Ladd,S15,31.47,110.38,1339,-70.89351378,,,29,-180.05,
"Li et al., 2019",Ladd,N06,39.37438333,108.2947333,1390,-54.45343806,,,29,-163.408,
"Li et al., 2019",Ladd,S14,31.33,110.42,1400,-68.29715815,,,29,-178.101,
"Li et al., 2019",Ladd,N04,37.29825,108.9454667,1427,-63.03882758,,,29,-167.054,
"Li et al., 2019",Ladd,ALSYQ7,39.21,102.62,1443,-26.78352269,,,29,-129.5,
"Li et al., 2019",Ladd,ALSM1,38.97,105.66,1464,-49.69323915,,,29,-148.8,
"Li et al., 2019",Ladd,SE03,27.84,117.74,1514,-62.10199458,,,29,-205.342,
"Li et al., 2019",Ladd,LC,40.92,112.9,1549,-70.76047953,,,29,-172.2,
"Li et al., 2019",Ladd,ZY2,39.09,100.07,1604,-35.15936398,,,29,-140.9,
"Li et al., 2019",Ladd,ZW3,37.36,104.1,1635,-38.57636507,,,29,-152.1,
"Li et al., 2019",Ladd,JQ8,39.27,99.34,1683,-36.64066075,,,29,-128.1,
"Li et al., 2019",Ladd,JY,36.46,104.6,1720,-40.60502204,,,29,-160,
"Li et al., 2019",Ladd,JT,36.95,104.83,1743,-46.32421625,,,29,-170,
"Li et al., 2019",Ladd,ZW1,37.64,103.14,1745,-34.71422074,,,29,-155.9,
"Li et al., 2019",Ladd,JQ1,39.81,97.99,1749,-37.67734024,,,29,-147.2,
"Li et al., 2019",Ladd,S12,31.05,110.92,1760,-62.97288598,,,29,-196.253,
"Li et al., 2019",Ladd,SE04,27.84,117.76,1765,-61.96346716,,,29,-211.941,
"Li et al., 2019",Ladd,ALSYQ1,39.01,101.2,1789,-34.5970514,,,29,-147.9,
"Li et al., 2019",Ladd,ZW2,37.52,103.64,1850,-39.45589201,,,29,-153.8,
"Li et al., 2019",Ladd,GLS,36.02,103.84,1999,-35.87063231,,,29,-149,
"Lu et al., 2020",Ladd,SP-01,43.208,124.136,135,-57.02831035,,,29,-179,
"Lu et al., 2020",Ladd,SP-02,43.209,124.136,136,-57.03069318,,,29,-173,
"Lu et al., 2020",Ladd,TL-01,43.751,122.602,162,-60.87010546,,,29,-176,
"Lu et al., 2020",Ladd,TL-03,43.624,121.786,198,-63.28225257,,,29,-178,
"Lu et al., 2020",Ladd,TL-07,43.624,121.787,200,-63.27871232,,,29,-171,
"Lu et al., 2020",Ladd,TL-09,43.547,121.709,208,-63.59874045,,,29,-177,
"Lu et al., 2020",Ladd,LY-02,42.967,124.886,255,-58.05882285,,,29,-192,
"Lu et al., 2020",Ladd,KL-01,43.647,120.94,259,-66.02544336,,,29,-177,
"Lu et al., 2020",Ladd,KL-04,43.642,120.887,262,-66.19085801,,,29,-184,
"Lu et al., 2020",Ladd,PS-02,43.335,125.976,298,-59.55776953,,,29,-190,
"Lu et al., 2020",Ladd,LY-05,43.092,124.728,301,-58.754536,,,29,-190,
"Lu et al., 2020",Ladd,HN-01,42.627,126.253,340,-58.59387833,,,29,-192,
"Lu et al., 2020",Ladd,HN-03,42.636,126.253,344,-58.55790471,,,29,-184,
"Lu et al., 2020",Ladd,AQ-01,43.838,119.959,525,-71.00646727,,,29,-202,
"Lu et al., 2020",Ladd,AQ-02,43.839,119.959,525,-71.00837778,,,29,-172,
"Lu et al., 2020",Ladd,AQ-05,43.839,119.959,526,-71.00837778,,,29,-212,
"Lu et al., 2020",Ladd,AQ-03,43.839,119.959,527,-71.00837778,,,29,-185,
"Lu et al., 2020",Ladd,JY-04,42.418,126.676,592,-62.62232344,,,29,-194,
"Lu et al., 2020",Ladd,JY-05,42.409,126.683,599,-62.52318849,,,29,-195,
"Lu et al., 2020",Ladd,JY-01,42.373,126.859,601,-61.88210517,,,29,-190,
"Lu et al., 2020",Ladd,BYQ-01,43.299,118.302,691,-74.73296858,,,29,-196,
"Lu et al., 2020",Ladd,BYQ-05,42.3,118.304,696,-76.57092441,,,29,-191,
"Lu et al., 2020",Ladd,FS-01,42.228,127.403,701,-63.8964936,,,29,-196,
"Lu et al., 2020",Ladd,FS-03,42.228,127.403,703,-63.8964936,,,29,-197,
"Lu et al., 2020",Ladd,CB-01,42.05,127.684,882,-66.59191784,,,29,-195,
"Lu et al., 2020",Ladd,CB-50,42.05,127.685,882,-66.60176672,,,29,-190,
"Lu et al., 2020",Ladd,CB-02,42.05,127.685,883,-66.60176672,,,29,-191,
"Lu et al., 2020",Ladd,ET-02,43.64,112.298,969,-67.25821614,,,29,-177,
"Lu et al., 2020",Ladd,ET-03,43.64,112.297,972,-67.25458222,,,29,-178,
"Lu et al., 2020",Ladd,ABQ-03,43.989,114.843,1118,-77.6292877,,,29,-174,
"Lu et al., 2020",Ladd,ABQ-05,43.989,114.843,1122,-77.6292877,,,29,-172,
"Lu et al., 2020",Ladd,KQ-02,43.241,117.378,1135,-82.01902481,,,29,-192,
"Lu et al., 2020",Ladd,KQ-01,43.241,117.377,1136,-82.02655303,,,29,-177,
"Lu et al., 2020",Ladd,KQ-05,43.241,117.377,1137,-82.02655303,,,29,-186,
"Lu et al., 2020",Ladd,SNQ-02,43.843,113.79,1161,-74.61761066,,,29,-184,
"Lu et al., 2020",Ladd,SNQ-01,43.843,113.789,1162,-74.60947591,,,29,-183,
"Lu et al., 2020",Ladd,XM-02,43.676,116.643,1181,-80.46404627,,,29,-188,
"Lu et al., 2020",Ladd,XM-01,43.677,116.643,1183,-80.46190723,,,29,-189,
McFarlin et al 2019,McFarlin,T3,63.75,-51.35,30,-106,7,2018,29,-215.5,3.9
McFarlin et al 2019,McFarlin,T2,63.76,-51.37,57,-106,7,2018,29,-218.3,3.8
McFarlin et al 2019,McFarlin,RTL5,66.98,-50.92,65,-135,14,2018,29,-250.6,3.7
McFarlin et al 2019,McFarlin,T1,63.76,-51.36,75,-107,7,2018,29,-203.4,3.8
McFarlin et al 2019,McFarlin,PLK,63.8,-51.19,76,-107,7,2018,29,-206.1,3.6
McFarlin et al 2019,McFarlin,RTL4,67.01,-50.67,112,-137,13,2018,29,-254.9,3.8
McFarlin et al 2019,McFarlin,LSL,67.05,-50.52,124,-139,13,2018,29,-236.6,5.5
McFarlin et al 2019,McFarlin,TUP,60.38,-44.3,145,-89,2,2018,29,-215,3.8
McFarlin et al 2019,McFarlin,RTL3,67.06,-50.45,170,-140,13,2018,29,-232.4,6.4
McFarlin et al 2019,McFarlin,STR,76.67,-67.94,224,-181,1,2018,29,-247.5,6
McFarlin et al 2019,McFarlin,SEC,76.58,-68.66,248,-181,1,2018,29,-246.3,3.6
McFarlin et al 2019,McFarlin,SHL,67.15,-50.13,335,-146,11,2018,29,-250.7,3.6
McFarlin et al 2019,McFarlin,USHL,67.15,-50.13,340,-147,11,2018,29,-256.7,4.1
McFarlin et al 2019,McFarlin,RTL1,67.15,-50.08,443,-148,11,2018,29,-239.5,3.7
McFarlin et al 2019,McFarlin,RTL2,67.14,-50.08,449,-148,11,2018,29,-224.3,6.1
McFarlin et al 2019,McFarlin,NS1,76.82,-67.05,455,-186,2,2018,29,-234.7,3.8
McFarlin et al 2019,McFarlin,SCP,60.7,-45.42,475,-96,2,2018,29,-210.7,3.9
McFarlin et al 2019,McFarlin,PIN,60.7,-45.1,480,-96,2,2018,29,-215.7,5.5
McFarlin et al 2019,McFarlin,WLL,76.85,-66.96,517,-187,2,2018,29,-264.1,7.1
McFarlin et al 2019,McFarlin,LNR,60.87,-45.72,751,-101,3,2018,29,-202.8,5.8
McFarlin et al 2019,McFarlin,NAR,60.87,-45.72,766,-101,3,2018,29,-209.8,4.2
Mugler et al 2008,McFarlin,HZM,50.12,6.88,425,-56,2,2018,29,-198,1
Mugler et al 2008,McFarlin,Tibet_ave (NC),30.64,90.6,4718,-139,4,2018,29,-246,36.4
Mugler et al 2008,McFarlin,Tibet 4 (CJ),30.9,90.87,4718,-139,4,2018,29,-255,3
Nelson et al 2018,McFarlin,Rot,47.07,8.31,419,-65,2,2018,29,-200,
Nelson et al 2018,McFarlin,Greifen,47.35,8.67,439,-66,2,2018,29,-193.2,
Nelson et al 2018,McFarlin,Baldegg,47.2,8.26,463,-66,2,2018,29,-199.7,
Nelson et al 2018,McFarlin,Sarnen,46.87,8.22,469,-66,3,2018,29,-142.4,
Nelson et al 2018,McFarlin,Mauen,47.17,8.08,504,-67,1,2018,29,-200.2,
Nelson et al 2018,McFarlin,Soppen,47.09,8.08,596,-68,1,2018,29,-200.6,
"Pautler et al., 2014",Liu,"Christie Mine, Dominion Creek",63.65,-138.63,581,-163,,,29,-275,
"Pautler et al., 2014",Liu,"Christie Mine, Dominion Creek",63.65,-138.63,581,-163,,,29,-275,
"Pautler et al., 2014",Liu,"Christie Mine, Dominion Creek",63.65,-138.63,581,-163,,,29,-285,
"Pautler et al., 2014",Liu,"Christie Mine, Dominion Creek",63.65,-138.63,581,-163,,,29,-269,
"Pautler et al., 2014",Liu,"Christie Mine, Dominion Creek",63.65,-138.63,581,-163,,,29,-274,
"Pautler et al., 2014",Liu,"Tatlow Camp, Quartz Creek",63.82,-139.02,581,-163,,,29,-259,
"Pautler et al., 2014",Liu,"Tatlow Camp, Quartz Creek",63.82,-139.02,581,-163,,,29,-270,
"Pautler et al., 2014",Liu,"Tatlow Camp, Quartz Creek",63.82,-139.02,581,-163,,,29,-278,
"Pautler et al., 2014",Liu,"Tatlow Camp, Quartz Creek",63.82,-139.02,581,-163,,,29,-274,
"Pautler et al., 2014",Liu,"Tatlow Camp, Quartz Creek",63.82,-139.02,582,-163,,,29,-246,
"Pautler et al., 2014",Liu,"Tatlow Camp, Quartz Creek",63.82,-139.02,582,-163,,,29,-261,
"Pautler et al., 2014",Liu,"Tatlow Camp, Quartz Creek",63.82,-139.02,582,-163,,,29,-257,
"Pautler et al., 2014",Liu,"Tatlow Camp, Quartz Creek",63.82,-139.02,582,-163,,,29,-262,
"Pautler et al., 2014",Liu,"Tatlow Camp, Quartz Creek",63.82,-139.02,582,-163,,,29,-266,
"Pautler et al., 2014",Liu,"Tatlow Camp, Quartz Creek",63.82,-139.02,582,-163,,,29,-263,
"Pautler et al., 2014",Liu,"Tatlow Camp, Quartz Creek",63.82,-139.02,582,-163,,,29,-265,
"Pautler et al., 2014",Liu,"Tatlow Camp, Quartz Creek",63.82,-139.02,582,-163,,,29,-268,
"Pautler et al., 2014",Liu,"Tatlow Camp, Quartz Creek",63.82,-139.02,582,-163,,,29,-270,
"Pautler et al., 2014",Liu,"Tatlow Camp, Quartz Creek",63.82,-139.02,582,-163,,,29,-268,
"Pautler et al., 2014",Liu,Goldbottom Creek,63.93,-138.97,689,-165,,,29,-279,
"Pautler et al., 2014",Liu,Goldbottom Creek,63.93,-138.97,689,-165,,,29,-274,
"Pautler et al., 2014",Liu,Goldbottom Creek,63.93,-138.97,689,-165,,,29,-273,
"Pautler et al., 2014",Liu,Goldbottom Creek,63.93,-138.97,689,-165,,,29,-266,
"Pautler et al., 2014",Liu,Kluane Lake,61.15,-138.45,748,-164,,,29,-259,
"Pautler et al., 2014",Liu,Kluane Lake,61.15,-138.45,748,-164,,,29,-241,
"Pautler et al., 2014",Liu,Kluane Lake,61.15,-138.45,748,-164,,,29,-260,
"Peterse et al., 2009",Liu,Mt. Kilimanjaro,-3,37,1727,-23,,,29,-114,
"Peterse et al., 2009",Liu,Mt. Kilimanjaro,-3,37,1822,-24,,,29,-135,
"Peterse et al., 2009",Liu,Mt. Kilimanjaro,-3,37,1967,-27,,,29,-156,
"Peterse et al., 2009",Liu,Mt. Kilimanjaro,-3,37,2068,-28,,,29,-152,
"Peterse et al., 2009",Liu,Mt. Kilimanjaro,-3,37,2124,-29,,,29,-140,
"Peterse et al., 2009",Liu,Mt. Kilimanjaro,-3,37,2239,-30,,,29,-136,
"Peterse et al., 2009",Liu,Mt. Kilimanjaro,-3,37,2346,-32,,,29,-144,
"Peterse et al., 2009",Liu,Mt. Kilimanjaro,-3,37,2464,-34,,,29,-147,
"Peterse et al., 2009",Liu,Mt. Kilimanjaro,-3,37,2578,-35,,,29,-139,
"Peterse et al., 2009",Liu,Mt. Kilimanjaro,-3,37,2652,-36,,,29,-144,
"Peterse et al., 2009",Liu,Mt. Kilimanjaro,-3,37,2764,-38,,,29,-149,
"Peterse et al., 2009",Liu,Mt. Kilimanjaro,-3,37,2885,-40,,,29,-138,
"Peterse et al., 2009",Liu,Mt. Kilimanjaro,-3,37,2999,-41,,,29,-144,
"Peterse et al., 2009",Liu,Mt. Kilimanjaro,-3,37,3070,-42,,,29,-154,
"Peterse et al., 2009",Liu,Mt. Kilimanjaro,-3,37,3157,-43,,,29,-143,
"Peterse et al., 2009",Liu,Mt. Kilimanjaro,-3,37,3245,-45,,,29,-151,
Polissar and Freeman 2010,McFarlin,Laguna Zapatera,11.77,-85.85,32,-32,2,2018,29,-159.2,
Polissar and Freeman 2010,McFarlin,Bear Meadows,40.73,-77.76,552,-65,2,2018,29,-191.3,
Polissar and Freeman 2010,McFarlin,Owens Lake,36.49,-117.89,1147,-85,4,2018,29,-191.2,
Polissar and Freeman 2010,McFarlin,Rainy Lake,48.5,-120.74,1460,-111,5,2018,29,-209.7,
Polissar and Freeman 2010,McFarlin,Waddell Lake,48.44,-120.82,1499.616,-109,5,2018,29,-216.2,2.8
Polissar and Freeman 2010,McFarlin,Berdeen Lake,48.71,-121.47,1560.576,-105,6,2018,29,-200.4,3.7
Polissar and Freeman 2010,McFarlin,Mono Lake,37.94,-119.03,1899,-99,2,2018,29,-194,0.9
Polissar and Freeman 2010,McFarlin,Lake Crowley,37.58,-118.74,2058,-103,2,2018,29,-238,3
Polissar and Freeman 2010,McFarlin,Laguna Los Lirios,8.31,-71.83,2305.1,-67,5,2018,29,-164.3,1.2
Polissar and Freeman 2010,McFarlin,Blue (Eagle) Lake,39.75,-106.76,2536,-98,1,2018,29,-207.3,1.4
Polissar and Freeman 2010,McFarlin,Emerald Lake,39.07,-111.5,3093,-120,5,2018,29,-204.3,1.8
Polissar and Freeman 2010,McFarlin,Laguna Victoria,8.81,-70.8,3210.9,-78,10,2018,29,-191.1,1.6
Polissar and Freeman 2010,McFarlin,S. Grizzly Lake,39.69,-107.33,3239,-111,4,2018,29,-205.4,4.5
Polissar and Freeman 2010,McFarlin,Bison Lake,39.76,-107.35,3276,-112,4,2018,29,-205.2,2.6
Polissar and Freeman 2010,McFarlin,Laguna Negra,8.79,-70.81,3459.9,-82,11,2018,29,-177.5,3.3
Polissar and Freeman 2010,McFarlin,Laguna Mucubaji,8.8,-70.83,3570.2,-84,11,2018,29,-192.3,2.2
Polissar and Freeman 2010,McFarlin,Laguna Michurao Alto,8.73,-70.86,3738,-87,12,2018,29,-187.6,
Polissar and Freeman 2010,McFarlin,"Laguna Royal ""D""",8.73,-70.87,3763.7,-87,12,2018,29,-199.2,
Polissar and Freeman 2010,McFarlin,Laguna Misteque,8.72,-70.88,3803.8,-88,12,2018,29,-195.8,
Polissar and Freeman 2010,McFarlin,"Laguna Royal ""C""",8.72,-70.87,3830.2,-88,12,2018,29,-194,
Polissar and Freeman 2010,McFarlin,Laguna de La Pata,8.65,-70.93,3980.2,-91,13,2018,29,-188.5,
Polissar and Freeman 2010,McFarlin,Laguna Arenales Alta,8.73,-71.19,4005,-93,12,2018,29,-185.9,3.7
Polissar and Freeman 2010,McFarlin,Laguna Verdes Baja,8.86,-70.87,4169.8,-94,14,2018,29,-184.3,3.5
Polissar and Freeman 2010,McFarlin,Laguna Grande de los Patos,8.81,-70.95,4189.8,-95,14,2018,29,-190.5,
Polissar and Freeman 2010,McFarlin,Laguna Verdes Medio,8.86,-70.87,4191.7,-94,14,2018,29,-180.1,
Polissar and Freeman 2010,McFarlin,Laguna La Cura,8.81,-70.95,4230.1,-95,14,2018,29,-187.2,
Polissar and Freeman 2010,McFarlin,Lago Taypi Chaka Kkota,-16.2,-68.35,4300,-105,5,2018,29,-224.6,
Polissar and Freeman 2010,McFarlin,Laguna Potosi,-19.64,-65.7,4640,-112,4,2018,29,-205.6,11.4
Sachse et al 2004,McFarlin,MAS,43.83,10.31,18,-36,2,2018,29,-159,7
Sachse et al 2004,McFarlin,SOR,55.55,11.7,30,-65,1,2018,29,-201,2
Sachse et al 2004,McFarlin,HYY,61.85,24.28,149,-89,1,2018,29,-205,4
Sachse et al 2004,McFarlin,LAM,61.06,25.1,151,-88,1,2018,29,-205,4
Sachse et al 2004,McFarlin,SYR,61.19,25.14,156,-88,1,2018,29,-207,2
Sachse et al 2004,McFarlin,SOD003,67.38,26.85,178,-98,1,2018,29,-215,9
Sachse et al 2004,McFarlin,SOD007,67.36,27.17,293,-99,1,2018,29,-227,5
Sachse et al 2004,McFarlin,KEI,68.67,21.52,428,-114,2,2018,29,-230,5
Sachse et al 2004,McFarlin,HZM,50.12,6.88,436,-56,2,2018,29,-198,1
Sachse et al 2004,McFarlin,NAI,68.85,21.18,463,-115,2,2018,29,-221,2
Sachse et al 2004,McFarlin,MEZ,42.61,11.77,466,-41,1,2018,29,-167,3
Sachse et al 2004,McFarlin,LGM,40.93,15.6,674,-48,1,2018,29,-180,3
Sachse et al 2004,McFarlin,LPM,40.93,15.61,685,-48,1,2018,29,-169,2
"Schwab et al., 2015",Liu,Cameroon,3.77,,,-8,,,29,-152,
"Schwab et al., 2015",Liu,Cameroon,4.1,,,-13,,,29,-166,
"Schwab et al., 2015",Liu,Cameroon,4.65,,,-15,,,29,-148,
"Schwab et al., 2015",Liu,Cameroon,5.03,,,-16,,,29,-152,
"Schwab et al., 2015",Liu,Cameroon,6.62,,,-18,,,29,-163,
"Schwab et al., 2015",Liu,Cameroon,7.13,,,-16,,,29,-170,
"Schwab et al., 2015",Liu,Cameroon,7.25,,,-28,,,29,-181,
"Schwab et al., 2015",Liu,Cameroon,8.39,,,-16,,,29,-147,
"Schwab et al., 2015",Liu,Cameroon,10.51,,,-26,,,29,-184,
"Schwab et al., 2015",Liu,Cameroon,11.05,,,-39,,,29,-188,
"Seki et al., 2010",Liu,"Hokkaido, Japan",44.2,142.1,560,-60,,,29,-203,
"Seki et al., 2010",Liu,"Hokkaido, Japan",44.2,142.1,560,-60,,,29,-198,
"Seki et al., 2010",Liu,"Hokkaido, Japan",44.2,142.1,560,-60,,,29,-195,
"Seki et al., 2010",Liu,"Hokkaido, Japan",44.2,142.1,560,-60,,,29,-211,
"Seki et al., 2010",Liu,"Hokkaido, Japan",44.2,142.1,560,-60,,,29,-203,
"Seki et al., 2010",Liu,"Hokkaido, Japan",44.2,142.1,560,-60,,,29,-212,
"Seki et al., 2010",Liu,"Hokkaido, Japan",44.2,142.1,560,-60,,,29,-208,
"Seki et al., 2010",Liu,"Hokkaido, Japan",44.2,142.1,560,-60,,,29,-210,
"Seki et al., 2010",Liu,"Hokkaido, Japan",44.2,142.1,560,-60,,,29,-195,
"Seki et al., 2010",Liu,"Hokkaido, Japan",44.2,142.1,560,-60,,,29,-213,
"Seki et al., 2010",Liu,"Hokkaido, Japan",44.2,142.1,560,-60,,,29,-213,
"Seki et al., 2010",Liu,"Hokkaido, Japan",44.2,142.1,560,-60,,,29,-213,
"Seki et al., 2010",Liu,"Hokkaido, Japan",44.2,142.1,560,-60,,,29,-203,
"Seki et al., 2010",Liu,"Hokkaido, Japan",44.2,142.1,560,-60,,,29,-205,
"Seki et al., 2010",Liu,"Hokkaido, Japan",44.2,142.1,560,-60,,,29,-203,
"Seki et al., 2010",Liu,"Hokkaido, Japan",44.2,142.1,560,-60,,,29,-186,
"Seki et al., 2010",Liu,"Hokkaido, Japan",44.2,142.1,560,-60,,,29,-207,
"Seki et al., 2010",Liu,"Hokkaido, Japan",44.2,142.1,560,-60,,,29,-199,
"Seki et al., 2010",Liu,"Hokkaido, Japan",44.2,142.1,560,-60,,,29,-216,
"Seki et al., 2010",Liu,"Hokkaido, Japan",44.2,142.1,560,-60,,,29,-224,
"Seki et al., 2010",Liu,"Hokkaido, Japan",44.2,142.1,560,-60,,,29,-208,
"Seki et al., 2010",Liu,"Hokkaido, Japan",44.2,142.1,560,-60,,,29,-218,
"Seki et al., 2010",Liu,"Hokkaido, Japan",44.2,142.1,560,-60,,,29,-222,
"Seki et al., 2010",Liu,"Hokkaido, Japan",44.2,142.1,560,-60,,,29,-217,
"Seki et al., 2010",Liu,"Hokkaido, Japan",44.2,142.1,560,-60,,,29,-225,
"Seki et al., 2010",Liu,"Hokkaido, Japan",44.2,142.1,560,-60,,,29,-220,
"Seki et al., 2010",Liu,"Hokkaido, Japan",44.2,142.1,560,-60,,,29,-221,
"Seki et al., 2010",Liu,"Hokkaido, Japan",44.2,142.1,560,-60,,,29,-222,
"Seki et al., 2010",Liu,"Hokkaido, Japan",44.2,142.1,560,-60,,,29,-227,
"Seki et al., 2010",Liu,"Hokkaido, Japan",44.2,142.1,560,-60,,,29,-244,
"Seki et al., 2010",Liu,"Hokkaido, Japan",44.2,142.1,560,-60,,,29,-240,
"Seki et al., 2010",Liu,"Hokkaido, Japan",44.2,142.1,560,-60,,,29,-219,
"Seki et al., 2010",Liu,"Hokkaido, Japan",44.2,142.1,560,-60,,,29,-229,
"Struck et al., 2020",Ladd,P13,44.51,105.35,1314,-64.16998851,,,29,-154.1,
"Struck et al., 2020",Ladd,UGC3,47.76,102.81,1333,-81.3180184,,,29,-184.7,
"Struck et al., 2020",Ladd,UGC12,47.75,102.77,1337,-81.21882759,,,29,-184.7,
"Struck et al., 2020",Ladd,P9,45.36,105.69,1342,-78.46364119,,,29,-204.8,
"Struck et al., 2020",Ladd,UGC7,47.75,102.8,1343,-81.31726361,,,29,-186.1,
"Struck et al., 2020",Ladd,P15,44.11,105.05,1358,-57.67930632,,,29,-172.7,
"Struck et al., 2020",Ladd,UGC15,47.74,102.74,1366,-81.01477017,,,29,-203.1,
"Struck et al., 2020",Ladd,P6,46.86,106.64,1376,-77.13973617,,,29,-183.2,
"Struck et al., 2020",Ladd,P7,45.71,106.12,1406,-82.33930859,,,29,-178.8,
"Struck et al., 2020",Ladd,P23,43.59,103.04,1443,-56.40793184,,,29,-142.6,
"Struck et al., 2020",Ladd,P19,43.19,104.87,1453,-52.95603384,,,29,-152.2,
"Struck et al., 2020",Ladd,P5,47.42,106.77,1611,-78.64194287,,,29,-182.3,
"Struck et al., 2020",Ladd,TLC2,48.79,97.3,1792,-101.6527473,,,29,-189,
"Struck et al., 2020",Ladd,TLC1,48.79,97.3,1796,-101.6527473,,,29,-193.7,
"Struck et al., 2020",Ladd,TLC3,48.79,97.3,1797,-101.6527473,,,29,-190.9,
"Struck et al., 2020",Ladd,TLC10,48.79,97.33,1797,-101.7950614,,,29,-195.8,
"Struck et al., 2020",Ladd,TLC12,48.78,97.33,1799,-101.9754658,,,29,-190.7,
"Struck et al., 2020",Ladd,TLC5,48.79,97.34,1802,-101.8424994,,,29,-190.7,
"Struck et al., 2020",Ladd,TLC8,48.8,97.38,1808,-102.0363412,,,29,-189,
"Struck et al., 2020",Ladd,TLC9,48.79,97.33,1811,-101.7950614,,,29,-184.2,
"Struck et al., 2020",Ladd,TLC11,48.79,97.34,1814,-101.8424994,,,29,-193.5,
"Struck et al., 2020",Ladd,TLC6,48.8,97.35,1841,-101.9163979,,,29,-175.1,
"Struck et al., 2020",Ladd,TLC7,48.8,97.37,1852,-102.0005823,,,29,-183,
"Struck et al., 2020",Ladd,TLC13,48.77,97.3,1859,-102.0389575,,,29,-184.9,
"Struck et al., 2020",Ladd,TLC15,48.76,97.25,1895,-102.0265012,,,29,-200.4,
"Struck et al., 2020",Ladd,TLC4,48.76,97.3,1942,-102.2320626,,,29,-166.5,
"Struck et al., 2020",Ladd,T11,48.42,98.9,1948,-101.974667,,,29,-203.6,
"Struck et al., 2020",Ladd,TLC14,48.75,97.22,1952,-102.0181629,,,29,-189.9,
"Struck et al., 2020",Ladd,TSC5,48.15,99.75,2054,-100.319291,,,29,-203.2,
"Struck et al., 2020",Ladd,TSC3,48.15,99.72,2065,-99.76146772,,,29,-198.3,
"Struck et al., 2020",Ladd,T10,48.35,98.92,2133,-104.731544,,,29,-200.9,
"Struck et al., 2020",Ladd,T1,48.24,99.02,2235,-105.7638403,,,29,-199.1,
"Struck et al., 2020",Ladd,T2,48.25,99.01,2284,-106.4289757,,,29,-214.9,
"Struck et al., 2020",Ladd,T7b,48.31,98.92,2343,-106.9573758,,,29,-199.8,
"Struck et al., 2020",Ladd,T7a,48.31,98.92,2343,-106.9573758,,,29,-195.8,
"Struck et al., 2020",Ladd,T3,48.26,98.99,2382,-107.1106057,,,29,-203.3,
"Struck et al., 2020",Ladd,T6,48.3,98.94,2441,-107.7793474,,,29,-205,
"Struck et al., 2020",Ladd,T4,48.28,98.98,2475,-108.1100583,,,29,-206.7,
"Struck et al., 2020",Ladd,T5,48.29,98.95,2528,-108.4263134,,,29,-201.8,
"van der Veen et al., 2020",Ladd,ARU11106SoA,26.81,87.22,225,-48.72088159,,,29,-148.45,
"van der Veen et al., 2020",Ladd,ARU11004So,27.35,87.19,315,-58.92584394,,,29,-115.67,
"van der Veen et al., 2020",Ladd,ARU11011So,27.39,87.13,412,-61.10278364,,,29,-128.18,
"van der Veen et al., 2020",Ladd,ARU11014So,27.43,87.12,435,-63.79419903,,,29,-144.44,
"van der Veen et al., 2020",Ladd,ARU11020So,27.47,87.15,448,-68.62481158,,,29,-147.24,
"van der Veen et al., 2020",Ladd,S127 sp1,31.39,76.88,475,-50.62259697,,,29,-147.38,
"van der Veen et al., 2020",Ladd,S127 sp2,31.39,76.88,475,-50.62259697,,,29,-146.51,
"van der Veen et al., 2020",Ladd,ARU11060So,27.49,87.17,566,-71.581459,,,29,-146.32,
"van der Veen et al., 2020",Ladd,AK8,30.24,78.86,635,-57.88725563,,,29,-167.05,
"van der Veen et al., 2020",Ladd,ARU11034SoA,27.52,87.2,708,-71.91111014,,,29,-159.31,
"van der Veen et al., 2020",Ladd,S5,31.36,77.38,729,-57.67687769,,,29,-140.84,
"van der Veen et al., 2020",Ladd,AK25,30.31,79.32,927,-58.826943,,,29,-127.13,
"van der Veen et al., 2020",Ladd,S9,31.4,77.64,937,-61.7583051,,,29,-157.64,
"van der Veen et al., 2020",Ladd,ARU12037So,27.67,87.36,1080,-81.72490813,,,29,-173.53,
"van der Veen et al., 2020",Ladd,S14,31.45,77.55,1170,-62.24257167,,,29,-179.02,
"van der Veen et al., 2020",Ladd,AK20,30.14,79.37,1175,-61.93234753,,,29,-166.86,
"van der Veen et al., 2020",Ladd,AK18,30.1,79.44,1176,-67.24840598,,,29,-157.2,
"van der Veen et al., 2020",Ladd,S22,31.52,77.7,1228,-70.0844068,,,29,-163.75,
"van der Veen et al., 2020",Ladd,S26,31.51,77.76,1238,-69.49462609,,,29,-140.58,
"van der Veen et al., 2020",Ladd,S41,31.55,77.91,1521,-73.82017871,,,29,-157.15,
"van der Veen et al., 2020",Ladd,AK22,30.29,79.5,1635,-73.53100443,,,29,-150.78,
"van der Veen et al., 2020",Ladd,ARU12136So,27.62,87.24,2006,-85.7823513,,,29,-173.26,
"van der Veen et al., 2020",Ladd,ARU12068So,27.75,87.41,2091,-92.41431198,,,29,-178.62,
"van der Veen et al., 2020",Ladd,ARU12099So,27.84,87.4,2196,-99.88505688,,,29,-176.45,
"van der Veen et al., 2020",Ladd,J9,28.31,84.3,2500,-78.24801277,,,29,-179.45,
"van der Veen et al., 2020",Ladd,ARU12090So,27.81,87.42,2578,-98.46847637,,,29,-182.55,
"van der Veen et al., 2020",Ladd,AK29,30.62,79.82,2628,-93.43976761,,,29,-173.15,
"van der Veen et al., 2020",Ladd,S60,31.43,78.28,2770,-94.81420598,,,29,-174.62,
"van der Veen et al., 2020",Ladd,AK28,30.69,79.89,2897,-95.49989809,,,29,-227.97,
"van der Veen et al., 2020",Ladd,S55,31.4,78.35,3120,-99.92249538,,,29,-156.05,
"van der Veen et al., 2020",Ladd,AK32/33,30.77,79.49,3155,-100.9423092,,,29,-175.95,
"van der Veen et al., 2020",Ladd,J8,28.4,84.26,3930,-102.4602958,,,29,-209.4,
"van der Veen et al., 2020",Ladd,J11,28.4,84.15,4000,-99.50814792,,,29,-228.93,
"Vogts et al., 2016",Liu,Southwest Africa,-27.95,14,,-18,,,29,-123,
"Vogts et al., 2016",Liu,Southwest Africa,-24.3,13,,-28,,,29,-131,
"Vogts et al., 2016",Liu,Southwest Africa,-22.72,12.6,,-26,,,29,-130,
"Vogts et al., 2016",Liu,Southwest Africa,-18.96,11.06,,-24,,,29,-129,
"Vogts et al., 2016",Liu,Southwest Africa,-15.63,11.58,,-30,,,29,-133,
"Vogts et al., 2016",Liu,Southwest Africa,-11.9,13.07,,-38,,,29,-133,
"Vogts et al., 2016",Liu,Southwest Africa,-10.17,12.69,,-35,,,29,-129,
"Vogts et al., 2016",Liu,Southwest Africa,-7.75,11.87,,-30,,,29,-131,
"Vogts et al., 2016",Liu,Southwest Africa,-5.5,11.07,,-22,,,29,-131,
"Vogts et al., 2016",Liu,Southwest Africa,-3.73,9.79,,-23,,,29,-127,
"Vogts et al., 2016",Liu,Southwest Africa,-2.07,8.63,,-31,,,29,-127,
"Vogts et al., 2016",Liu,Southwest Africa,-0.69,8.38,,-20,,,29,-127,
"Vogts et al., 2016",Liu,Southwest Africa,0.96,8.88,,-24,,,29,-133,
"Wang et al., 2017",Liu,Tibetan plateau,22.3,101.3,931,-56,,,29,-213,
"Wang et al., 2017",Liu,Tibetan plateau,22.7,101.3,956,-57,,,29,-288,
"Wang et al., 2017",Liu,Tibetan plateau,25.6,100.1,1265,-61,,,29,-161,
"Wang et al., 2017",Liu,Tibetan plateau,22.2,100.5,1400,-63,,,29,-210,
"Wang et al., 2017",Liu,Tibetan plateau,25.9,99.3,1745,-68,,,29,-172,
"Wang et al., 2017",Liu,Tibetan plateau,26.9,100,1881,-70,,,29,-196,
"Wang et al., 2017",Liu,Tibetan plateau,27.2,100,1971,-71,,,29,-204,
"Wang et al., 2017",Liu,Tibetan plateau,27.5,101.3,2233,-75,,,29,-195,
"Wang et al., 2017",Liu,Tibetan plateau,28.2,99.3,2248,-75,,,29,-221,
"Wang et al., 2017",Liu,Tibetan plateau,26.5,99.8,2357,-77,,,29,-166,
"Wang et al., 2017",Liu,Tibetan plateau,27.6,101,2362,-77,,,29,-186,
"Wang et al., 2017",Liu,Tibetan plateau,26.7,99.9,2459,-78,,,29,-168,
"Wang et al., 2017",Liu,Tibetan plateau,26.6,99.8,2463,-78,,,29,-183,
"Wang et al., 2017",Liu,Tibetan plateau,26.9,100,2500,-79,,,29,-189,
"Wang et al., 2017",Liu,Tibetan plateau,27.4,100.8,2538,-80,,,29,-169,
"Wang et al., 2017",Liu,Tibetan plateau,27.1,99.6,2549,-80,,,29,-190,
"Wang et al., 2017",Liu,Tibetan plateau,,,2600,-80,,,29,-178,
"Wang et al., 2017",Liu,Tibetan plateau,26.5,99.7,2635,-81,,,29,-213,
"Wang et al., 2017",Liu,Tibetan plateau,27.5,101.3,2754,-83,,,29,-181,
"Wang et al., 2017",Liu,Tibetan plateau,27.7,100.8,2764,-83,,,29,-205,
"Wang et al., 2017",Liu,Tibetan plateau,30.7,97.4,3060,-87,,,29,-219,
"Wang et al., 2017",Liu,Tibetan plateau,27.1,100.7,3075,-87,,,29,-215,
"Wang et al., 2017",Liu,Tibetan plateau,28.5,98.9,3300,-91,,,29,-231,
"Wang et al., 2017",Liu,Tibetan plateau,27.6,100.8,3340,-91,,,29,-191,
"Wang et al., 2017",Liu,Tibetan plateau,28.4,98.4,3516,-94,,,29,-243,
"Wang et al., 2017",Liu,Tibetan plateau,29.4,98.7,3590,-95,,,29,-221,
"Wang et al., 2017",Liu,Tibetan plateau,28.4,99,3750,-97,,,29,-240,
"Wang et al., 2017",Liu,Tibetan plateau,29.9,97.7,3818,-98,,,29,-247,
"Wang et al., 2017",Liu,Tibetan plateau,31.4,96.4,3969,-100,,,29,-240,
"Wang et al., 2017",Liu,Tibetan plateau,32.4,95.4,3970,-100,,,29,-234,
"Wang et al., 2017",Liu,Tibetan plateau,31.8,97.7,3978,-100,,,29,-202,
"Wang et al., 2017",Liu,Tibetan plateau,33.1,95.2,4146,-103,,,29,-208,
"Wang et al., 2017",Liu,Tibetan plateau,31.3,98,4147,-103,,,29,-240,
"Wang et al., 2017",Liu,Tibetan plateau,32.7,95.1,4154,-103,,,29,-234,
"Wang et al., 2017",Liu,Tibetan plateau,32.3,96,4226,-104,,,29,-241,
"Wu et al., 2019",Ladd,Los Amigos,-12.5588,-70.0993,286,-60.83551799,,,29,-173,
"Wu et al., 2019",Ladd,Villa Carmne,-12.8961,-71.4183,614,-76.25779185,,,29,-184,
"Wu et al., 2019",Ladd,San Pedro,-13.049,-71.537,1500,-90.68214874,,,29,-181,
"Wu et al., 2019",Ladd,Wayquecha,-13.19255,-71.58795,3015,-115.7223326,,,29,-203,
Xia et al 2008,McFarlin,KLK,37.28,96.88,2812,-36,1,2018,29,-126,8
Xia et al 2008,McFarlin,XQ,37.47,95.49,3163,-43,4,2018,29,-139,7
Xia et al 2008,McFarlin,YZY,29.03,90.47,4445,-129,0,2018,29,-187,6
Xia et al 2008,McFarlin,NC,30.64,90.6,4718,-139,4,2018,29,-246,9
Xia et al 2008,McFarlin,QY,28.89,90.22,4855,-135,2,2018,29,-199,9
"Gaviria-Lugo et al., 2023",NA,Quebrada Salitrosa,-26.1116,-70.5561,,-29.1,2.6,,29,-89.9,0.6
"Gaviria-Lugo et al., 2023",NA,Rio Pan de Azucar,-26.1487,-70.6527,,-50.8,3.2,,29,-126.2,2.2
"Gaviria-Lugo et al., 2023",NA,Rio Salado,-26.3366,-70.5699,,-47.8,3.1,,29,-138.8,0.5
"Gaviria-Lugo et al., 2023",NA,Quebrada Pto Flamenco,-26.5626,-70.6589,,-40.2,2.9,,29,-118.7,0.6
"Gaviria-Lugo et al., 2023",NA,Rio Copiapo,-27.3281,-70.9136,,-62.6,5,,29,-148.9,5.1
"Gaviria-Lugo et al., 2023",NA,Quebrada Totoral,-27.8321,-71.0816,,-48.9,3.3,,29,-151.5,2
"Gaviria-Lugo et al., 2023",NA,Rio Huasco,-28.4873,-71.1486,,-69.5,5.2,,29,-158.2,7
"Gaviria-Lugo et al., 2023",NA,Quebrada Los Choros,-29.3302,-71.2364,,-54.7,2.8,,29,-151.6,6.5
"Gaviria-Lugo et al., 2023",NA,Rio Elqui,-29.9459,-71.1293,,-70.2,5.2,,29,-154.7,8
"Gaviria-Lugo et al., 2023",NA,Rio Limari,-30.6585,-71.5072,,-59.7,3.4,,29,-165.4,2.8
"Gaviria-Lugo et al., 2023",NA,Rio Choapa,-31.5922,-71.5382,,-59.7,2.9,,29,-158.7,2.3
"Gaviria-Lugo et al., 2023",NA,Quebrada La Campana,-32.9082,-71.0994,,-53.4,1.3,,29,-170,1.7
"Gaviria-Lugo et al., 2023",NA,Rio Aconcagua,-32.9196,-71.3959,,-65.4,3.2,,29,-168.6,4.5
"Gaviria-Lugo et al., 2023",NA,Rio Maipo,-33.7738,-71.5272,,-63.3,2.8,,29,-167.2,6.8
"Gaviria-Lugo et al., 2023",NA,Rio Maule,-35.3882,-72.2978,,-51.5,1.8,,29,-155.2,0.7
"Gaviria-Lugo et al., 2023",NA,Rio Chovellen,-35.9254,-72.623,,-42.7,0.9,,29,-158,3
"Gaviria-Lugo et al., 2023",NA,Rio Itata,-36.3999,-72.7762,,-47.3,1.2,,29,-175.4,0.2
"Gaviria-Lugo et al., 2023",NA,Rio BioBio,-37.1131,-72.9647,,-54.9,1.7,,29,-158.1,1.8
"Gaviria-Lugo et al., 2023",NA,Estero Los Gringos,-37.8035,-72.9371,,-57.4,2.3,,29,-173.6,0.1
"Gaviria-Lugo et al., 2023",NA,Rio Imperial,-38.7287,-73.1267,,-54.5,0.9,,29,-163.4,1.4
"Gaviria-Lugo et al., 2023",NA,Rio Tolten,-39.0747,-73.1397,,-61.8,1.2,,29,-179.1,0.2
"Gaviria-Lugo et al., 2023",NA,Rio Cruces,-39.5493,-72.8419,,-57.3,0.5,,29,-160.4,6.1
"Gaviria-Lugo et al., 2023",NA,Rio CalleCalle,-39.7902,-73.1749,,-63.5,1,,29,-170,2.3
"Gaviria-Lugo et al., 2023",NA,Rio Bueno,-40.29,-73.5354,,-61.1,1,,29,-165.1,0.2
"Gaviria-Lugo et al., 2023",NA,Rio Llico,-41.2269,-73.753,,-54.8,1.6,,29,-171.2,5
"Gaviria-Lugo et al., 2023",NA,Rio Maullin,-41.474,-73.2726,,-53.8,1.4,,29,-168.4,9.1
"Gaviria-Lugo et al., 2023",NA,Choros,-29.3332,-71.2311,,-40.2,1,,29,-103,1.7
"Gaviria-Lugo et al., 2023",NA,Talca A,-30.0545,-71.094,,-42.6,0.9,,29,-160.9,0.1
"Gaviria-Lugo et al., 2023",NA,Talca B,-30.0548,-71.0894,,-42.6,0.9,,29,-153.5,2.4
"Gaviria-Lugo et al., 2023",NA,Cajon del Maipo,-33.5814,-70.3586,,-69.7,2.6,,29,-164.7,0.6
"Gaviria-Lugo et al., 2023",NA,SanAntonio-Maipo,-33.7736,-71.5246,,-44.1,0.6,,29,-182.7,1.1
"Gaviria-Lugo et al., 2023",NA,Rapel,-34.5693,-71.6361,,-44,0.8,,29,-170,0.1
"Gaviria-Lugo et al., 2023",NA,BioBio A,-37.1126,-72.9619,,-34.3,1.4,,29,-178.7,1.3
"Gaviria-Lugo et al., 2023",NA,BioBio B,-37.3473,-72.885,,-38.7,1.4,,29,-164.2,2.2
"Gaviria-Lugo et al., 2023",NA,CalleCalle,-39.7885,-72.9681,,-55,0.4,,29,-160.8,1.9
"Gaviria-Lugo et al., 2023",NA,Bueno,-40.3326,-73.4128,,-57.8,0.8,,29,-163.8,3.2
"Gaviria-Lugo et al., 2023",NA,Maullin A,-41.474,-73.2726,,-50,1.5,,29,-173.9,7.9
"Gaviria-Lugo et al., 2023",NA,Maullin B,-41.4787,-73.2756,,-50,1.5,,29,-185.2,0.7
"Gaviria-Lugo et al., 2023",NA,GeoB7118-1_1-2 cm,-25.9997,-70.8092,,,,,29,-108.5,3.5
"Gaviria-Lugo et al., 2023",NA,GeoB7116-1_1-2 cm,-26.0002,-70.9998,,,,,29,-118.9,2.7
"Gaviria-Lugo et al., 2023",NA,GeoB7123-2_1-2 cm,-27.29,-71.05,,,,,29,-150.9,5
"Gaviria-Lugo et al., 2023",NA,GeoB3377-1_1-2 cm,-27.4667,-71.525,,,,,29,-146.2,13.4
"Gaviria-Lugo et al., 2023",NA,GeoB3376-2_1-2 cm,-27.4667,-71.3617,,,,,29,-144.7,14.6
"Gaviria-Lugo et al., 2023",NA,GeoB3374-1_1-2 cm,-27.4733,-71.1717,,,,,29,-144.9,9
"Gaviria-Lugo et al., 2023",NA,GeoB7127-1_1-2 cm,-28.3837,-71.4712,,,,,29,-151.6,1.4
"Gaviria-Lugo et al., 2023",NA,GeoB7129-1_1-2 cm,-28.4168,-71.33,,,,,29,-155.8,10.8
"Gaviria-Lugo et al., 2023",NA,GeoB7130-1_1-2 cm,-28.42,-71.613,,,,,29,-152.1,5.5
"Gaviria-Lugo et al., 2023",NA,GeoB7135-1_1-2 cm,-29.6667,-71.6758,,,,,29,-155.6,1.3
"Gaviria-Lugo et al., 2023",NA,GeoB7134-1_1-2 cm,-29.72,-71.77,,,,,29,-153.2,3.6
"Gaviria-Lugo et al., 2023",NA,GeoB7138-1_1-2 cm,-30.13,-71.87,,,,,29,-154.6,5.2
"Gaviria-Lugo et al., 2023",NA,GeoB7144-1_1-2 cm,-31.16,-71.97,,,,,29,-151.9,0.2
"Gaviria-Lugo et al., 2023",NA,GeoB3304-3_1-2 cm,-32.89,-72.1933,,,,,29,-153.8,2.9
"Gaviria-Lugo et al., 2023",NA,GeoB3303-1_1-2 cm,-33.2067,-72.2,,,,,29,-158,5
"Gaviria-Lugo et al., 2023",NA,GeoB3311-2_1-2 cm,-33.6067,-72.0467,,,,,29,-157.3,4.2
"Gaviria-Lugo et al., 2023",NA,GeoB7152-1_1-2 cm,-33.8,-72.1102,,,,,29,-167.8,0.4
"Gaviria-Lugo et al., 2023",NA,GeoB3352-2_1-2 cm,-35.2167,-73.3167,,,,,29,-166.3,0.5
"Gaviria-Lugo et al., 2023",NA,GeoB3355-4_1-2 cm,-35.2183,-73.1167,,,,,29,-162.8,1.1
"Gaviria-Lugo et al., 2023",NA,GeoB7157-1_1-2 cm,-35.78,-73.59,,,,,29,-164.2,3.3
"Gaviria-Lugo et al., 2023",NA,GeoB7160-4_1-2 cm,-36.0385,-73.0735,,,,,29,-168,2.2
"Gaviria-Lugo et al., 2023",NA,GeoB7167-4_1-2 cm,-36.45,-73.91,,,,,29,-149.8,2.7
"Gaviria-Lugo et al., 2023",NA,GeoB7162-4_1-2 cm,-36.5427,-73.6672,,,,,29,-164.8,0.3
"Gaviria-Lugo et al., 2023",NA,GeoB7198-1_1-2 cm,-38.17,-74.39,,,,,29,-150.6,2.6
"Gaviria-Lugo et al., 2023",NA,GeoB7209-2_1-2 cm,-38.9913,-74.1642,,,,,29,-161.5,5.9
"Gaviria-Lugo et al., 2023",NA,GeoB7207-1_1-2 cm,-39.07,-74.37,,,,,29,-166.3,4.1
"Gaviria-Lugo et al., 2023",NA,GeoB7212-1_1-2 cm,-39.7,-74.38,,,,,29,-153.8,2.9
"Gaviria-Lugo et al., 2023",NA,GeoB7214-1_1-2 cm,-39.875,-74.1672,,,,,29,-155.9,1.6
"Gaviria-Lugo et al., 2023",NA,GeoB7194-1_1-2 cm,-41.4175,-74.4337,,,,,29,-164.1,4.5
"Wang et al., 2023",NA,Gaoqiao G1,21.58,109.75,,,,,29,-165,
"Wang et al., 2023",NA,Gaoqiao G2,21.57,109.75,,,,,29,-146,
"Wang et al., 2023",NA,Gaoqiao G3,21.57,109.75,,,,,29,-160,
"Wang et al., 2023",NA,Gaoqiao G4,21.57,109.75,,,,,29,-178,
"Wang et al., 2023",NA,Gaoqiao G6,21.57,109.76,,,,,29,-169,
"Wang et al., 2023",NA,Huguang H1,21.11,110.31,,,,,29,-186,
"Wang et al., 2023",NA,Huguang H2,21.1,110.31,,,,,29,-154,
"Wang et al., 2023",NA,Huguang H3,21.1,110.3,,,,,29,-157,
"Wang et al., 2023",NA,Techeng T1,21.15,110.44,,,,,29,-131,
"Wang et al., 2023",NA,Techeng T2,21.15,110.44,,,,,29,-131,
"Wang et al., 2023",NA,Techeng T3,21.15,110.44,,,,,29,-182,
"Wang et al., 2023",NA,Techeng T4,21.15,110.44,,,,,29,-135,
"Wang et al., 2023",NA,Techeng T5,21.15,110.44,,,,,29,-149,
"Wang et al., 2023",NA,Techeng T6,21.16,110.44,,,,,29,-135,
"Corcoran et al., 2022",NA,Tarn 2,-51.6959,-58.8276,,,,,29,-165,
"Corcoran et al., 2022",NA,Tarn 2,-51.6959,-58.8276,,,,,29,-161,
"Corcoran et al., 2022",NA,Tarn 4,-51.7022,-58.8276,,,,,29,-168,
"Corcoran et al., 2022",NA,Tarn 4,-51.7022,-58.8276,,,,,29,-165,
"Corcoran et al., 2022",NA,Tarn 4,-51.7022,-58.8276,,,,,29,-163,